{
	"actors": [
		[[0.0, 0.0, 5.25], 1, 1, 0.0, 0.75, -0.14299965, [-3.75, -3.75, -3.7500005, 3.75, 3.75, 3.75], [], ["BattleChallengeRoom_001", "AreaStartCommon:WalkIn", null, ""], -2051396190, 0, 0, 0, "TagAreaStart", 0, 0, {}, 0, 0, 0, 0, 0, 0, 0, 0, 3, 1, 0],
		[[0.0, 0.0, -0.75], 2, 1, 0.0, 0.75, 0.14300013, [-3.75, -3.75, -3.75, 3.75, 3.75, 3.75], [], ["BattleChallengeRoom_ReturnSuccess", "HylianM034:Success", null, ""], -1200371487, 1, 0, 0, "TagAreaStart", 0, 0, {}, 0, 2, 0, 0, 0, 0, 0, 0, 3, 1, 0],
		[[0.0, 0.0, -0.75], 2, 1, 0.0, 0.75, 0.14300013, [-3.75, -3.75, -3.75, 3.75, 3.75, 3.75], [], ["BattleChallengeRoom_ReturnFailure", "HylianM034:Failed", null, ""], -99361013, 2, 0, 0, "TagAreaStart", 0, 0, {}, 2, 2, 0, 0, 0, 0, 0, 0, 3, 1, 0],
		[[0.0, 0.0, 0.0], 2, 1, 0.08100009, 1.6915, -0.7079997, [-7.899, -3.6005, -8.132999, 7.899, 3.6004999, 8.132999], [], ["BattleChallengeRoom_001_Effect_00"], -1948885932, 3, 0, 0, "TagTailorPlayer", 0, 0, {}, 0, 0, 0, 0, 0, 0, 0, 0, 3, 1, 0],
		[[-5.63, 3.375, 1.9599996], 3, 1, 0.0, 0.0, 4.7683716e-07, [-0.75, -0.75, -0.75, 0.75, 0.75, 0.75], [], ["TagTailorPlayer_BattleChallengeCandle_00"], -429146185, 4, 0, 0, "TagTailorPlayer", 0, 0, {}, 0, 0, 0, 0, 0, 0, 0, 0, 3, 1, 0],
		[[5.625, 3.375, 1.9600005], 4, 1, 0.0, 0.0, -4.7683716e-07, [-0.75, -0.75, -0.75, 0.75, 0.75, 0.75], [], ["TagTailorPlayer_BattleChallengeCandle_00"], -658870794, 5, 0, 0, "TagTailorPlayer", 0, 0, {}, 0, 0, 0, 0, 0, 0, 0, 0, 3, 1, 0],
		[[0.0, 0.75, 5.25], 2, 2, 0.0, 0.0, 0.15899992, [-1.5, -0.75, -0.75, 1.5, 0.75, 0.75], [], ["Field", "Field_HyrulePlains_019", "AreaExitCommon:WalkOut", 0, "", null, 0], -943155166, 6, 0, 0, "SensorLevelOpen", 0, 0, {}, 0, 0, 0, 0, 0, 0, 0, 0, 3, 1, 0],
		[[0.0, 0.0, 0.0], 2, 1, 0.08099985, 1.6915, -0.7079997, [-10.899, -6.6005, -11.132999, 10.899, 6.6005, 11.132999], [], ["BattleChallengeRoom_001", "", "", 0, 1], -761756627, 7, 0, 0, "MapStatic", 0, 0, {"$BakedFixtureList": ["RoomEdge_2x2"]}, 0, 0, 0, 0, 0, 0, 0, 0, 3, 1, 0],
		[[0.0, 0.0, -3.0], 2, 1, -0.039499998, 0.6355, 0.039499998, [-0.8435, -0.8705, -0.8434999, 0.8435, 0.8705, 0.8434999], [], [], -287433915, 8, 0, 0, "HylianM034", 0, 0, {}, 4, 1, 0, 1, 0, 0, 0, 3, 3, 1, 0],
		[[-4.5, 0.0, -0.75], 5, 1, -0.018499851, 0.76199996, -0.019500017, [-0.9415002, -0.85499996, -0.9325, 0.94149995, 0.855, 0.9325], [], [], -362739989, 9, 0, 0, "HylianM035", 0, 0, {"3699003335": 0}, 0, 0, 1, 0, 0, 0, 3, 3, 3, 1, 0],
		[[-1.125, 0.375, -6.0], 2, 1, 0.0, 0.0, 0.0, [-0.75, -0.75, -0.75, 0.75, 0.75, 0.75], [["GetMachineUnlock00", 1]], ["KatanaTalk"], -792774562, 10, 0, 0, "MachineUnlockKatana", 0, 0, {}, 5, 1, 1, 0, 0, 0, 0, 0, 3, 1, 0],
		[[0.0, 2.25, -0.75], 1, 1, 0.0, 0.0, 0.0, [-10.0, -10.0, -10.0, 10.0, 10.0, 10.0], [], [-1441172271, 10.0, 0.5, 0.01], -1441172271, 11, 0, 0, "TagLightProbe", 0, 0, {}, 0, 0, 1, 0, 0, 0, 0, 0, 3, 1, 0],
		[[0.0, 0.0, 5.25], 0, 1, 0.0, 0.0, 0.0, [-0.5, -0.5, -0.5, 0.5, 0.5, 0.5], [], [0, 0, false, 1.0], -1944413221, 12, 0, 0, "TagLightActor", 0, 0, {}, 0, 0, 1, 0, 0, 0, 0, 0, 3, 1, 0],
		[[0.0, 0.0, -0.75], 0, 1, 0.0, 0.0, 0.0, [-0.5, -0.5, -0.5, 0.5, 0.5, 0.5], [], [1, 1, false, 1.0], -1789489782, 13, 0, 0, "TagLightActor", 0, 0, {}, 0, 0, 1, 0, 0, 0, 0, 0, 3, 1, 0],
		[[-4.5, 0.0, -2.625], 0, 1, 0.0, 0.0, 0.0, [-0.5, -0.5, -0.5, 0.5, 0.5, 0.5], [], [2, 2, false, 1.0], -1274518661, 14, 0, 0, "TagLightActor", 0, 0, {}, 0, 0, 1, 0, 0, 0, 0, 0, 3, 1, 0]
	],
	"empty1": [
	],
	"unk2": [
		"TagAreaStart",
		"TagAreaStart",
		"MachineUnlockKatana",
		"TagAreaStart",
		"TagAreaStart",
		"HylianM034"
	],
	"unk3": [
		7,
		0,
		1,
		2,
		9,
		8,
		10,
		11,
		3,
		12,
		13,
		14,
		6,
		4,
		5
	],
	"actorFieldValues": [
		[7, 1, ["RoomEdge_2x2"], "$BakedFixtureList", 0, 0, 0],
		[2, 0, 0, 3699003335, 0, 0, 0]
	],
	"unk5": [
		"00 00 01 00 00 00 00 00 00 00 00 00"
	],
	"unk6": [
		"00 00",
		"01 00",
		"02 00"
	],
	"unk7": [
		[-7.5, -2.0, -9.0, 0.0, 7.5, 6.0, 6.0, 0.0, 0, 0, 0, 15, -1, 0, 0, 0]
	],
	"unk8": [
	],
	"unk9": [
	],
	"unk10": [
		[2, 2, 8],
		[2, 2, 9],
		[2, 2, 8],
		[2, 2, 9],
		[2, 2, 9],
		[2, 2, 8]
	],
	"unk11": [
	],
	"unk12": [
		[-17.5, -12.0, -19.0, 0.0, 17.5, 16.0, 16.0, 0.0, 6.0, -2.0, 15, 0, 8, 0]
	],
	"unk13": [
	],
	"unk14": [
		"00 00 30 41 FD 98 7E 3F 64 D0 74 3F 00 00 00 00 00 00 00 00 00 00 00 00 00 00 00 00 00 00 00 00 FF CE 9D FF 00 00 28 42 02 00 00 00 00 00 00 00",
		"00 00 40 41 81 0D 72 3F AD 52 D4 3E 00 00 00 00 00 00 00 00 00 00 00 00 00 00 00 00 00 00 00 00 FF D6 AE FF 00 00 60 40 02 00 00 00 00 00 00 00",
		"00 00 40 41 00 00 80 3F 6A 11 78 3F 00 00 00 00 00 00 00 00 00 00 00 00 00 00 00 00 00 00 00 00 FF BD 7B FF 00 00 20 40 02 00 00 00 00 00 00 00"
	],
	"unk15": [
		"00 00 00 00 00 00 C0 40 00 00 60 40 00 00 00 00 5F 60 AD 32 24 13 63 BF 52 6A EC 3E C9 86 26 33",
		"00 00 00 00 00 00 E0 40 00 00 40 C0 00 00 00 00 BF 93 D0 32 18 35 0E BF 5F DE 54 3F BE 1B 1C 33",
		"00 00 F0 3F 00 00 F0 40 00 00 84 40 00 00 00 00 26 F2 C4 BD 39 90 59 3F 7B 38 FB BE 64 8F 2A BE"
	],
	"unk16": [
	],
	"unk17": [
	],
	"unk18": [
	],
	"unk19": [
		[0.0, 0.75, -0.75, 1, 1, 0.0, 0.0, 0.0, 2, 0]
	],
	"unk20": [
	],
	"unk21": [
		"00 00 00 00"
	],
	"unk22": [
		[-7.5, -9.0],
		[7.5, -9.0],
		[7.5, 4.5],
		[1.5, 4.5],
		[1.5, 6.0],
		[-1.5, 6.0],
		[-1.5, 4.5],
		[-7.5, 4.5]
	],
	"empty23": [
	],
	"unk24": [
		[0.0, 0.0, 0.0, 1.0],
		[0.0, -1.0, 0.0, 4.371139e-08],
		[0.0, 0.0, 0.0, -1.0],
		[0.0, -0.7071067, 0.0, -0.7071068],
		[0.0, 0.70710677, 0.0, -0.70710677],
		[0.0, -0.7009093, 0.0, -0.7132504]
	],
	"unk25": [
		[0.0, 0.0, 0.0, 0.0],
		[1.0, 1.0, 1.0, 0.0],
		[3.0, 1.5, 1.1, 0.0]
	],
	"actorParams": [
		"BattleChallengeRoom_001",
		"AreaStartCommon:WalkIn",
		null,
		"",
		"BattleChallengeRoom_ReturnSuccess",
		"HylianM034:Success",
		"BattleChallengeRoom_ReturnFailure",
		"HylianM034:Failed",
		"BattleChallengeRoom_001_Effect_00",
		"TagTailorPlayer_BattleChallengeCandle_00",
		"Field",
		"Field_HyrulePlains_019",
		"AreaExitCommon:WalkOut",
		0,
		1,
		"KatanaTalk",
		"GetMachineUnlock00",
		-1441172271,
		10.0,
		0.5,
		0.01,
		false,
		1.0,
		2
	],
	"floatValues": [
	],
	"empty28": [
	],
	"stringValues": [
		"RoomEdge_2x2"
	],
	"stringOffsets": [
		0,
		24,
		47,
		48,
		82,
		101,
		135,
		153,
		187,
		228,
		234,
		257,
		280,
		293,
		304,
		323
	],
	"strings": [
		"BattleChallengeRoom_001",
		"AreaStartCommon:WalkIn",
		"",
		"BattleChallengeRoom_ReturnSuccess",
		"HylianM034:Success",
		"BattleChallengeRoom_ReturnFailure",
		"HylianM034:Failed",
		"BattleChallengeRoom_001_Effect_00",
		"TagTailorPlayer_BattleChallengeCandle_00",
		"Field",
		"Field_HyrulePlains_019",
		"AreaExitCommon:WalkOut",
		"RoomEdge_2x2",
		"KatanaTalk",
		"GetMachineUnlock00",
		"BattleChallengeRoom"
	]
}
