{
	"actors": [
		[[0.75, 0.0, 0.0], 1, 1, 0.0, 0.75, -0.14300013, [-3.75, -3.75, -3.75, 3.75, 3.75, 3.75], [], ["PartnerIsLeaving", "Ev_PartnerSeparate:PartnerIsLeaving", null, ""], -2083158735, 0, 0, 0, "TagAreaStart", 0, 2, {}, 0, 1, 0, 0, 0, 0, 0, 0, 3, 1, 0],
		[[0.375, 0.0, 0.0], 1, 1, 0.0, 0.75, -0.14300013, [-3.75, -3.75, -3.75, 3.75, 3.75, 3.75], [], ["PartnersGainPower", "LastBossMu02:PartnersGainPower", null, ""], -66868407, 1, 0, 0, "TagAreaStart", 0, 3, {}, 1, 2, 0, 0, 0, 0, 0, 0, 3, 1, 0],
		[[0.75, 0.0, 0.75], 2, 1, 0.0, 0.0, 0.0, [-0.75, -0.75, -0.75, 0.75, 0.75, 0.75], [], ["Ev_PartnerSeparate_Effect_00"], -1005428924, 2, 0, 0, "TagTailorPlayer", 0, 1, {}, 0, 0, 0, 0, 0, 0, 0, 0, 3, 1, 0],
		[[0.75, 0.0, 0.75], 2, 1, 0.0, 0.0, 0.0, [-3.75, -3.75, -3.75, 3.75, 3.75, 3.75], [], ["Ev_PartnerSeparate", "", "", 0, 1], -1650216135, 3, 0, 0, "MapStatic", 0, 0, {}, 0, 0, 0, 0, 0, 0, 0, 0, 3, 1, 0],
		[[0.0, 5.5, 0.0], 2, 1, 0.0, 0.23500013, 0.0, [-0.75, -0.75, -0.75, 0.75, 0.75, 0.75], [], [], -210541749, 4, 0, 0, "GatePartnerPhoton", 0, 1, {}, 0, 0, 0, 0, 0, 0, 0, 0, 3, 1, 0],
		[[1.875, 0.0, 2.25], 2, 1, 0.0, 0.693, -0.109999895, [-0.75, -0.77500004, -0.7500001, 0.75, 0.77500004, 0.75], [[1, 2]], [], -869578423, 5, 0, 0, "EvLink", 0, 3, {"3699003335": 100}, 0, 0, 0, 0, 0, 0, 0, 1, 3, 1, 0],
		[[0.0, 0.0, 0.0], 2, 1, 0.0, 0.0, 0.0, [-5.269, -0.75, -5.274, 5.269, 0.75, 5.274], [], [], -630503012, 6, 0, 0, "EvPartnerPhotonLargeQuantity", 0, 2, {}, 0, 0, 0, 0, 0, 0, 1, 1, 3, 5, 0],
		[[1.125, 0.375, -0.75], 2, 1, 0.0, 0.24199998, 0.014000058, [-0.751, -0.75, -0.75, 0.75100005, 0.75, 0.74999994], [], [null, ""], -1551320793, 7, 0, 0, "Triforce", 0, 3, {"3699003335": 250}, 0, 0, 0, 0, 0, 0, 2, 1, 3, 1, 0]
	],
	"empty1": [
	],
	"unk2": [
		"TagAreaStart",
		"TagAreaStart",
		"TagAreaStart"
	],
	"unk3": [
		3,
		2,
		4,
		0,
		6,
		1,
		7,
		5
	],
	"actorFieldValues": [
		[2, 0, 100, 3699003335, 0, 0, 0],
		[2, 0, 250, 3699003335, 0, 0, 0]
	],
	"unk5": [
		"00 00 04 00 00 00 04 00 00 00 01 00"
	],
	"unk6": [
		"00 00",
		"01 00"
	],
	"unk7": [
		[-3.0, -3.75, -3.0, 0.0, 4.5, 3.75, 4.5, 0.0, 0, 0, 0, 1, -1, 0, 0, 0],
		[-0.75, -0.75, -0.75, 0.0, 1.5, 6.485, 1.5, 0.0, 0, 0, 1, 2, 2, 0, 0, 0],
		[-5.269, -3.0, -5.274, 0.0, 5.269, 4.5, 5.274, 0.0, 0, 0, 3, 2, -1, 0, 0, 0],
		[-3.375, -3.0, -3.8930001, 0.0, 4.125, 4.5, 3.6069999, 0.0, 0, 0, 5, 3, -1, 0, 0, 0]
	],
	"unk8": [
		[-5.269, -3.75, -5.274, 0.0, 5.269, 6.485, 5.274, 0.0, 0, 4, -1, -1, 0, 0, 0, 0]
	],
	"unk9": [
		"00 00 00 00",
		"01 00 00 00",
		"02 00 00 00",
		"03 00 00 00"
	],
	"unk10": [
		[0, 0, 6],
		[0, 0, 7],
		[0, 0, 5]
	],
	"unk11": [
	],
	"unk12": [
		[-17.5, -10.0, -16.0, 0.0, 19.0, 16.0, 17.5, 0.0, 6.0, 0.0, 6, 0, 4, 0]
	],
	"unk13": [
	],
	"unk14": [
	],
	"unk15": [
	],
	"unk16": [
	],
	"unk17": [
	],
	"unk18": [
	],
	"unk19": [
	],
	"unk20": [
	],
	"unk21": [
	],
	"unk22": [
		[-7.5, -6.0],
		[-7.5, 7.5],
		[9.0, 7.5],
		[9.0, -6.0]
	],
	"empty23": [
	],
	"unk24": [
		[0.0, 0.0, 0.0, 1.0],
		[0.0, -1.0, 0.0, 4.371139e-08],
		[0.0, 0.0, 0.0, -1.0]
	],
	"unk25": [
		[0.0, 0.0, 0.0, 0.0],
		[1.0, 1.0, 1.0, 0.0]
	],
	"actorParams": [
		"PartnerIsLeaving",
		"Ev_PartnerSeparate:PartnerIsLeaving",
		null,
		"",
		"PartnersGainPower",
		"LastBossMu02:PartnersGainPower",
		"Ev_PartnerSeparate_Effect_00",
		"Ev_PartnerSeparate",
		0,
		1
	],
	"floatValues": [
	],
	"empty28": [
	],
	"stringValues": [
	],
	"stringOffsets": [
		0,
		1,
		18,
		54,
		72,
		103,
		132
	],
	"strings": [
		"",
		"PartnerIsLeaving",
		"Ev_PartnerSeparate:PartnerIsLeaving",
		"PartnersGainPower",
		"LastBossMu02:PartnersGainPower",
		"Ev_PartnerSeparate_Effect_00",
		"Ev_PartnerSeparate"
	]
}
