{
	"actors": [
		[[0.75, 0.00999999, 4.5], 1, 1, 0.0, 0.7500001, -0.14299965, [-3.75, -3.75, -3.7500002, 3.75, 3.75, 3.75], [], ["GerudoWareHouse001_001", "AreaStartCommon:FieldWalkIn", null, "", 0, 0], -841572366, 0, 0, 0, "TagAreaStart", 0, 0, 0, 0, 0, 0, 0, 0, 0, 0, 0, 0, 3, 1, 0],
		[[0.75, 0.0, -0.75], 2, 1, 0.0, 0.9805, 0.33599997, [-3.068, -1.7305, -5.654, 3.068, 1.7305, 5.654], [], ["GerudoWareHouse00_Effect_00"], -1508186795, 1, 0, 0, "TagTailorPlayer", 0, 0, 0, 0, 0, 0, 0, 0, 0, 0, 0, 0, 3, 1, 0],
		[[0.75, 0.0, -0.75], 2, 1, 0.0, 0.9805, 0.33599997, [-6.068, -4.7305, -8.653999, 6.068, 4.7305, 8.653999], [], ["GerudoWareHouse00", "", "", 0, 1], -2060351765, 2, 0, 0, "MapStatic", 0, 0, 0, 1, 0, 0, 0, 0, 0, 0, 0, 0, 3, 1, 0],
		[[0.75, 0.75, 4.5], 2, 2, 0.0, 0.0, 0.15899992, [-1.125, -0.75, -0.75, 1.125, 0.75, 0.75], [], ["Field", "Wildernesst004_003", "AreaExitCommon:WalkOut", 0, "", null, 0], -1014977975, 3, 0, 0, "SensorLevelOpen", 0, 0, 1, 0, 0, 0, 0, 0, 0, 0, 0, 0, 3, 1, 0],
		[[0.75, 3.0, 0.0], 3, 1, 0.0, 0.0, 0.0, [-7.0, -7.0, -7.0, 7.0, 7.0, 7.0], [], [-1312216617, 7.0, 0.5, 0.2], -1312216617, 4, 0, 0, "TagLightProbe", 0, 0, 1, 0, 0, 0, 0, 0, 0, 0, 0, 0, 3, 1, 0],
		[[0.75, 0.0, 4.5], 0, 1, 0.0, 0.0, 0.0, [-0.5, -0.5, -0.5, 0.5, 0.5, 0.5], [], [0, 0, false, 1.0], -241976897, 5, 0, 0, "TagLightActor", 0, 0, 1, 0, 0, 0, 0, 0, 0, 0, 0, 0, 3, 1, 0],
		[[0.75, 0.0, 0.0], 0, 1, 0.0, 0.0, 0.0, [-0.5, -0.5, -0.5, 0.5, 0.5, 0.5], [], [1, 1, false, 1.0], -995785203, 6, 0, 0, "TagLightActor", 0, 0, 1, 0, 0, 0, 0, 0, 0, 0, 0, 0, 3, 1, 0]
	],
	"empty1": [
	],
	"unk2": [
	],
	"unk3": [
		2,
		0,
		4,
		1,
		5,
		6,
		3
	],
	"unk4": [
		"07 00 01 00 00 00 00 00 14 02 8A 21 00 00 00 00 00 00 00 00 00 00 00 00"
	],
	"unk5": [
		"00 00 01 00 00 00 00 00 00 00 00 00"
	],
	"unk6": [
		"00 00"
	],
	"unk7": [
		[-1.558, -1.5, -5.278, 0.0, 3.058, 7.5, 6.0, 0.0, 0, 0, 0, 7, -1, 0, 0, 0]
	],
	"unk8": [
	],
	"unk9": [
	],
	"unk10": [
	],
	"unk11": [
	],
	"unk12": [
		[-13.0, -11.5, -17.125, 0.0, 14.5, 17.5, 16.75, 0.0, 7.5, -1.5, 9, 0, 4, 0]
	],
	"unk13": [
	],
	"unk14": [
		"00 00 30 41 FD 98 7E 3F 64 D0 74 3F 00 00 00 00 00 00 00 00 00 00 00 00 00 00 00 00 00 00 00 00 FF F2 E5 FF 00 00 F0 41 02 00 00 00 00 00 00 00",
		"00 00 A0 41 EA 46 77 3F 35 A6 6B 3F 00 00 00 00 00 00 00 00 00 00 00 00 00 00 00 00 00 00 00 00 FF EB A9 FF 00 00 60 40 02 00 00 00 00 00 00 00"
	],
	"unk15": [
		"00 00 00 00 00 00 C0 40 00 00 60 40 00 00 00 00 5F 60 AD 32 24 13 63 BF 52 6A EC 3E C9 86 26 33",
		"00 00 00 00 00 00 F0 40 00 00 A8 C0 00 00 00 00 D6 62 C6 BA D2 EF FE BE 0D 02 5E 3F E9 01 A2 BA"
	],
	"unk16": [
	],
	"unk17": [
	],
	"unk18": [
	],
	"unk19": [
	],
	"unk20": [
	],
	"unk21": [
	],
	"unk22": [
		[-3.0, -7.125],
		[4.5, -7.125],
		[4.5, 6.75],
		[-3.0, 6.75]
	],
	"empty23": [
	],
	"unk24": [
		[0.0, 0.0, 0.0, 1.0],
		[0.0, -1.0, 0.0, -1.9470718e-07],
		[0.0, 0.0, 0.0, -1.0],
		[0.0, -1.0, 0.0, 4.371139e-08]
	],
	"unk25": [
		[0.0, 0.0, 0.0, 0.0],
		[1.0, 1.0, 1.0, 0.0],
		[2.25, 1.5, 1.1, 0.0]
	],
	"actorParams": [
		"GerudoWareHouse001_001",
		"AreaStartCommon:FieldWalkIn",
		null,
		"",
		0,
		"GerudoWareHouse00_Effect_00",
		"GerudoWareHouse00",
		1,
		"Field",
		"Wildernesst004_003",
		"AreaExitCommon:WalkOut",
		-1312216617,
		7.0,
		0.5,
		0.2,
		false,
		1.0
	],
	"unk27": [
	],
	"empty28": [
	],
	"unk29": [
		"04 00"
	],
	"stringOffsets": [
		0,
		23,
		51,
		52,
		80,
		93,
		111,
		117,
		136,
		159
	],
	"strings": [
		"GerudoWareHouse001_001",
		"AreaStartCommon:FieldWalkIn",
		"",
		"GerudoWareHouse00_Effect_00",
		"RoomEdge_2x2",
		"GerudoWareHouse00",
		"Field",
		"Wildernesst004_003",
		"AreaExitCommon:WalkOut",
		"GerudoWareHouse001"
	]
}
