{
	"actors": [
		[[-0.75000006, 0.00999999, 4.5], 1, 1, 5.9604645e-08, 0.7500001, -0.14299965, [-3.75, -3.75, -3.7500002, 3.75, 3.75, 3.75], [], ["GerudoWareHouse002_001", "AreaStartCommon:FieldWalkIn", null, "", 0.0, 0.0], -2048491210, 0, 0, 0, "TagAreaStart", 0, 0, 0, 0, 0, 0, 0, 0, 0, 0, 0, 0, 3, 1, 0],
		[[-0.75, 0.0, -0.75], 2, 1, 1.1920929e-07, 1.317, 1.086, [-4.568, -2.067, -4.904, 4.568, 2.067, 4.904], [], ["GerudoWareHouse01_Effect_00"], -1106106525, 1, 0, 0, "TagTailorPlayer", 0, 0, 0, 0, 0, 0, 0, 0, 0, 0, 0, 0, 3, 1, 0],
		[[-0.75, 0.0, -0.75], 2, 1, 0.0, 1.3169999, 1.086, [-7.568, -5.067, -7.904, 7.568, 5.067, 7.904], [], ["GerudoWareHouse01", "", "", 0, 1], -24531434, 2, 0, 0, "MapStatic", 0, 0, 0, 1, 0, 0, 0, 0, 0, 0, 0, 0, 3, 1, 0],
		[[-0.75, 0.75, 4.5], 2, 2, 0.0, 0.0, 0.15899992, [-1.5, -0.75, -0.75, 1.5, 0.75, 0.75], [], ["Field", "Wildernesst004_007", "AreaExitCommon:WalkOut", 0, "", null, 0], -1810586909, 3, 0, 0, "SensorLevelOpen", 0, 0, 1, 0, 0, 0, 0, 0, 0, 0, 0, 0, 3, 1, 0],
		[[-0.75, 2.25, 0.0], 3, 1, 0.0, 0.0, 0.0, [-7.0, -7.0, -7.0, 7.0, 7.0, 7.0], [], [-363399768, 7.0, 0.5, 0.01], -363399768, 4, 0, 0, "TagLightProbe", 0, 0, 1, 0, 0, 0, 0, 0, 0, 0, 0, 0, 3, 1, 0],
		[[-0.75, 0.0, 4.5], 0, 1, 0.0, 0.0, 0.0, [-0.5, -0.5, -0.5, 0.5, 0.5, 0.5], [], [0, 0, false, 1.0], -434129140, 5, 0, 0, "TagLightActor", 0, 0, 1, 0, 0, 0, 0, 0, 0, 0, 0, 0, 3, 1, 0],
		[[-0.75, 0.0, 0.0], 0, 1, 0.0, 0.0, 0.0, [-0.5, -0.5, -0.5, 0.5, 0.5, 0.5], [], [1, 1, false, 1.0], -1549423608, 6, 0, 0, "TagLightActor", 0, 0, 1, 0, 0, 0, 0, 0, 0, 0, 0, 0, 3, 1, 0]
	],
	"empty1": [
	],
	"unk2": [
	],
	"unk3": [
		2,
		0,
		4,
		1,
		5,
		6,
		3
	],
	"unk4": [
		"07 00 01 00 00 00 00 00 14 02 8A 21 00 00 00 00 00 00 00 00 00 00 00 00"
	],
	"unk5": [
		"00 00 01 00 00 00 00 00 00 00 00 00"
	],
	"unk6": [
		"00 00"
	],
	"unk7": [
		[-4.615, -1.5, -4.083, 0.0, 3.462, 7.5, 5.25, 0.0, 0, 0, 0, 7, -1, 0, 0, 0]
	],
	"unk8": [
	],
	"unk9": [
	],
	"unk10": [
	],
	"unk11": [
	],
	"unk12": [
		[-16.0, -11.5, -15.25, 0.0, 14.5, 17.5, 16.0, 0.0, 7.5, -1.5, 9, 0, 4, 0]
	],
	"unk13": [
	],
	"unk14": [
		"00 00 30 41 EB 4B 7B 3F 64 D0 74 3F 00 00 00 00 00 00 00 00 00 00 00 00 00 00 00 00 00 00 00 00 FF F2 E5 FF 00 00 F0 41 02 00 00 00 00 00 00 00",
		"00 00 50 41 EC 5B 6D 3F 1D B3 56 3F 00 00 00 00 00 00 00 00 00 00 00 00 00 00 00 00 00 00 00 00 FF CB 98 FF 00 00 A0 40 02 00 00 00 00 00 00 00"
	],
	"unk15": [
		"00 00 00 00 00 00 C0 40 00 00 60 40 00 00 00 00 5F 60 AD 32 24 13 63 BF 52 6A EC 3E C9 86 26 33",
		"00 00 00 00 00 00 E0 40 AE 47 51 C0 00 00 00 00 2C BD BB 32 FD FF FF BE D8 B3 5D 3F 34 96 22 33"
	],
	"unk16": [
	],
	"unk17": [
	],
	"unk18": [
	],
	"unk19": [
	],
	"unk20": [
	],
	"unk21": [
	],
	"unk22": [
		[-6.0, -5.25],
		[4.5, -5.25],
		[4.5, 6.0],
		[-6.0, 6.0]
	],
	"empty23": [
	],
	"unk24": [
		[0.0, 0.0, 0.0, 1.0],
		[0.0, -1.0, 0.0, -1.9470718e-07],
		[0.0, 0.0, 0.0, -1.0],
		[0.0, -1.0, 0.0, 4.371139e-08]
	],
	"unk25": [
		[0.0, 0.0, 0.0, 0.0],
		[1.0, 1.0, 1.0, 0.0],
		[3.0, 1.5, 1.1, 0.0]
	],
	"actorParams": [
		"GerudoWareHouse002_001",
		"AreaStartCommon:FieldWalkIn",
		null,
		"",
		0.0,
		"GerudoWareHouse01_Effect_00",
		"GerudoWareHouse01",
		0,
		1,
		"Field",
		"Wildernesst004_007",
		"AreaExitCommon:WalkOut",
		-363399768,
		7.0,
		0.5,
		0.01,
		false,
		1.0
	],
	"unk27": [
	],
	"empty28": [
	],
	"unk29": [
		"04 00"
	],
	"stringOffsets": [
		0,
		23,
		51,
		52,
		80,
		93,
		111,
		117,
		136,
		159
	],
	"strings": [
		"GerudoWareHouse002_001",
		"AreaStartCommon:FieldWalkIn",
		"",
		"GerudoWareHouse01_Effect_00",
		"RoomEdge_2x2",
		"GerudoWareHouse01",
		"Field",
		"Wildernesst004_007",
		"AreaExitCommon:WalkOut",
		"GerudoWareHouse002"
	]
}
