{
	"actors": [
		[[0.0, 0.0, 6.0], 1, 1, 0.0, 0.75, -0.14299965, -3.75, -3.75, -3.7500005, 3.75, 3.75, 3.75, [], ["GerudoHouse002_001", "AreaStartCommon:WalkIn", null, "", 0.0, 0.0], -1680593293, 0, 0, 0, "TagAreaStart", 0, 0, 0, 0, 0, 0, 0, 0, 0, 0, 0, 0, 3, 1, 0],
		[[0.0, 0.0, 0.75], 2, 1, 0.0, 1.204, 0.33599997, -6.818, -1.954, -5.654, 6.818, 1.954, 5.654, [], ["GerudoHouse01_Effect_00"], -533941697, 1, 0, 0, "TagTailorPlayer", 0, 0, 0, 0, 0, 0, 0, 0, 0, 0, 0, 0, 3, 1, 0],
		[[0.0, 0.0, 0.75], 2, 1, 0.0, 1.204, 0.33599997, -9.818, -4.954, -8.653999, 9.818, 4.954, 8.653999, [], ["GerudoHouse01", "", "", 0, 1], -649302290, 2, 0, 0, "MapStatic", 0, 0, 0, 1, 0, 0, 0, 0, 0, 0, 0, 0, 3, 1, 0],
		[[0.0, 0.75, 6.0], 2, 2, 0.0, 0.0, 0.15899992, -1.5, -0.75, -0.75, 1.5, 0.75, 0.75, [], ["Field", "Wildernesst004_002", "AreaExitCommon:WalkOut", 0, "", null, 0], -608842371, 3, 0, 0, "SensorLevelOpen", 0, 0, 1, 0, 0, 0, 0, 0, 0, 0, 0, 0, 3, 1, 0],
		[[5.25, 0.0, 4.5], 2, 1, 0.0, 0.62, 0.0, -0.75, -0.75, -0.75, 0.75, 0.75, 0.75, [], [], -1527061663, 4, 0, 0, "PotGerudo", 0, 0, 1, 0, 0, 0, 0, 0, 0, 0, 0, 0, 3, 1, 0],
		[[3.75, 0.0, 4.5], 2, 1, 0.0, 0.62, 0.0, -0.75, -0.75, -0.75, 0.75, 0.75, 0.75, [], [], -1493116974, 5, 0, 0, "PotGerudo", 0, 0, 1, 0, 0, 0, 0, 0, 0, 0, 0, 0, 3, 1, 0],
		[[0.0, 2.25, 0.75], 1, 1, 0.0, 0.0, 0.0, -9.0, -9.0, -9.0, 9.0, 9.0, 9.0, [], [-1037473219, 9.0, 0.5, 0.01], -1037473219, 6, 0, 0, "TagLightProbe", 0, 0, 1, 0, 0, 0, 0, 0, 0, 0, 0, 0, 3, 1, 0],
		[[2.408, 0.0, -0.39000002], 2, 1, 0.0, 1.0840001, -0.15200004, -0.842, -1.2270001, -0.75, 0.842, 1.227, 0.75000006, [], [], -162667447, 7, 0, 0, "Gerudo001", 1, 0, 1, 0, 0, 0, 0, 0, 0, 0, 0, 0, 3, 1, 0],
		[[0.0, 0.0, 6.0], 0, 1, 0.0, 0.0, 0.0, -0.5, -0.5, -0.5, 0.5, 0.5, 0.5, [], [0, 0, false, 1.0], -1559762254, 8, 0, 0, "TagLightActor", 0, 0, 1, 0, 0, 0, 0, 0, 0, 0, 0, 0, 3, 1, 0],
		[[0.0, 0.0, 0.375], 0, 1, 0.0, 0.0, 0.0, -0.5, -0.5, -0.5, 0.5, 0.5, 0.5, [], [1, 1, false, 1.0], -1496487954, 9, 0, 0, "TagLightActor", 0, 0, 1, 0, 0, 0, 0, 0, 0, 0, 0, 0, 3, 1, 0]
	],
	"empty1": [
	],
	"unk2": [
	],
	"unk3": [
		2,
		0,
		6,
		1,
		8,
		9,
		7,
		4,
		5,
		3
	],
	"unk4": [
		"07 00 01 00 00 00 00 00 14 02 8A 21 00 00 00 00 00 00 00 00 00 00 00 00"
	],
	"unk5": [
		"00 00 01 00 00 00 00 00 00 00 00 00"
	],
	"unk6": [
		"00 00"
	],
	"unk7": [
		"00 00 D8 C0 00 00 C0 BF 00 00 88 C0 00 00 00 00 00 00 D8 40 00 00 F0 40 00 00 D8 40 00 00 00 00 00 00 00 00 00 00 0A 00 FF FF 00 00 00 00 00 00"
	],
	"unk8": [
	],
	"unk9": [
	],
	"unk10": [
	],
	"unk11": [
	],
	"unk12": [
		"00 00 80 C1 00 00 38 C1 00 00 5C C1 00 00 00 00 00 00 80 41 00 00 8C 41 00 00 86 41 00 00 00 00 00 00 F0 40 00 00 C0 BF 09 00 00 00 04 00 00 00"
	],
	"unk13": [
	],
	"unk14": [
		"00 00 30 41 FD 98 7E 3F 64 D0 74 3F 00 00 00 00 00 00 00 00 00 00 00 00 00 00 00 00 00 00 00 00 FF F2 E5 FF 00 00 F0 41 02 00 00 00 00 00 00 00",
		"00 00 50 41 81 0D 72 3F 7D 1B 44 3F 00 00 00 00 00 00 00 00 00 00 00 00 00 00 00 00 00 00 00 00 FF E7 A7 FF 00 00 60 40 02 00 00 00 00 00 00 00"
	],
	"unk15": [
		"00 00 00 00 00 00 C0 40 00 00 60 40 00 00 00 00 5F 60 AD 32 24 13 63 BF 52 6A EC 3E C9 86 26 33",
		"00 00 00 00 00 00 E0 40 00 00 58 C0 00 00 00 00 2C BD BB 32 FD FF FF BE D8 B3 5D 3F 34 96 22 33"
	],
	"unk16": [
	],
	"unk17": [
	],
	"unk18": [
	],
	"unk19": [
	],
	"unk20": [
	],
	"unk21": [
	],
	"unk22": [
		"00 00 C0 C0 00 00 70 C0",
		"00 00 C0 C0 00 00 D8 40",
		"00 00 C0 40 00 00 D8 40",
		"00 00 C0 40 00 00 70 C0"
	],
	"empty23": [
	],
	"unk24": [
		"00 00 00 00 00 00 00 00 00 00 00 00 00 00 80 3F",
		"00 00 00 00 00 00 80 BF 00 00 00 00 2E BD 3B 33",
		"00 00 00 00 00 00 00 00 00 00 00 00 00 00 80 BF"
	],
	"unk25": [
		"00 00 00 00 00 00 00 00 00 00 00 00 00 00 00 00",
		"00 00 80 3F 00 00 80 3F 00 00 80 3F 00 00 00 00",
		"00 00 40 40 00 00 C0 3F CD CC 8C 3F 00 00 00 00"
	],
	"actorParams": [
		"GerudoHouse002_001",
		"AreaStartCommon:WalkIn",
		null,
		"",
		0.0,
		"GerudoHouse01_Effect_00",
		"GerudoHouse01",
		0,
		1,
		"Field",
		"Wildernesst004_002",
		"AreaExitCommon:WalkOut",
		-1037473219,
		9.0,
		0.5,
		0.01,
		false,
		1.0
	],
	"unk27": [
	],
	"empty28": [
	],
	"unk29": [
		"04 00"
	],
	"stringOffsets": [
		0,
		19,
		42,
		43,
		67,
		80,
		94,
		100,
		119,
		142
	],
	"strings": [
		"GerudoHouse002_001",
		"AreaStartCommon:WalkIn",
		"",
		"GerudoHouse01_Effect_00",
		"RoomEdge_2x2",
		"GerudoHouse01",
		"Field",
		"Wildernesst004_002",
		"AreaExitCommon:WalkOut",
		"GerudoHouse002"
	]
}
