{
	"actors": [
		[[9.75, 0.0, 11.25], 1, 1, 0.0, 0.75, -0.14299965, [-3.75, -3.75, -3.75, 3.75, 3.75, 3.75], [], ["HyruleHouse008_001", "AreaStartCommon:WalkIn", null, "", 0.0, 0.0], -1903487689, 0, 0, 0, "TagAreaStart", 0, 0, {}, 0, 0, 0, 0, 0, 0, 0, 0, 3, 1, 0],
		[[9.75, 0.0, 6.0], 2, 1, 0.020999908, 1.3110001, 0.01600027, [-9.09, -5.1000004, -8.353001, 9.09, 5.1000004, 8.353001], [], ["HyruleHouse04", "", "", 0, 1], -1078082370, 1, 0, 0, "MapStatic", 0, 0, {"$BakedFixtureList": ["RoomEdge_2x2"]}, 0, 0, 0, 0, 0, 0, 0, 0, 3, 1, 0],
		[[9.75, 2.25, 6.0], 1, 1, 0.0, 2.3841858e-07, 0.0, [-7.81, -7.8100004, -7.81, 7.8099995, 7.8100004, 7.8100004], [], [-1665272147, 7.81, 0.5, 0.2], -1665272147, 2, 0, 0, "TagLightProbe", 0, 0, {}, 0, 0, 0, 0, 0, 0, 0, 0, 3, 1, 0],
		[[9.75, 0.0, 6.0], 2, 1, 0.020999908, 1.311, 0.01600027, [-6.09, -2.1, -5.353, 6.09, 2.1, 5.353], [], ["HyruleHouse04_Effect_00"], -1884394871, 3, 0, 0, "TagTailorPlayer", 0, 0, {}, 0, 0, 0, 0, 0, 0, 0, 0, 3, 1, 0],
		[[8.25, 0.0, 2.25], 2, 1, 0.0, 0.62, 0.0, [-0.75, -0.75, -0.75, 0.75, 0.75, 0.75], [], [0], -1259486889, 4, 0, 0, "Pot", 0, 0, {}, 0, 0, 0, 0, 0, 0, 0, 0, 3, 1, 0],
		[[12.75, 0.0, 9.75], 2, 1, 0.0, 0.62, 0.0, [-0.75, -0.75, -0.75, 0.75, 0.75, 0.75], [], [0], -93146880, 5, 0, 0, "Pot", 0, 0, {}, 0, 0, 0, 0, 0, 0, 0, 0, 3, 1, 0],
		[[9.75, 0.75, 11.25], 2, 2, 0.0, 0.0, 0.1590004, [-1.5, -0.75, -0.75, 1.5, 0.75, 0.75], [], ["Field", "F_HyruleCastle001_009", "AreaExitCommon:WalkOut", 0, "", null, 0], -682702801, 6, 0, 0, "SensorLevelOpen", 0, 0, {}, 0, 0, 0, 0, 0, 0, 0, 0, 3, 1, 0],
		[[10.5, 0.0, 4.5], 2, 1, 0.0, 0.6635, -0.04099989, [-0.75, -0.7645, -0.75, 0.75, 0.76449996, 0.75], [], ["think01"], -956606354, 7, 0, 0, "HylianF007", 0, 0, {}, 0, 0, 0, 0, 0, 0, 0, 0, 3, 1, 0],
		[[9.75, 0.0, 6.0], 0, 1, 0.0, 0.0, 0.0, [-0.5, -0.5, -0.5, 0.5, 0.5, 0.5], [], [0, 0, false, 1.0], -1968581841, 8, 0, 0, "TagLightActor", 0, 0, {}, 0, 0, 0, 0, 0, 0, 0, 0, 3, 1, 0],
		[[9.75, 0.0, 10.5], 0, 1, 0.0, 0.0, 0.0, [-0.5, -0.5, -0.5, 0.5, 0.5, 0.5], [], [1, 1, false, 1.0], -1524132431, 9, 0, 0, "TagLightActor", 0, 0, {}, 0, 0, 0, 0, 0, 0, 0, 0, 3, 1, 0]
	],
	"empty1": [
	],
	"unk2": [
	],
	"unk3": [
		1,
		0,
		2,
		3,
		8,
		9,
		4,
		5,
		7,
		6
	],
	"actorFieldValues": [
		[7, 1, ["RoomEdge_2x2"], "$BakedFixtureList", 0, 0, 0]
	],
	"unk5": [
		"00 00 01 00 00 00 00 00 00 00 00 00"
	],
	"unk6": [
		"00 00"
	],
	"unk7": [
		[3.75, -1.5, 0.369, 0.0, 15.75, 7.5, 12.006, 0.0, 0, 0, 0, 10, -1, 0, 0, 0]
	],
	"unk8": [
	],
	"unk9": [
	],
	"unk10": [
	],
	"unk11": [
	],
	"unk12": [
		[-6.25, -11.5, -9.25, 0.0, 25.75, 17.5, 22.0, 0.0, 7.5, -1.5, 10, 0, 4, 0]
	],
	"unk13": [
	],
	"unk14": [
		"00 00 40 41 AE D5 79 3F 24 4C 2B 3F 00 00 00 00 00 00 00 00 00 00 00 00 00 00 00 00 00 00 00 00 FF F2 E5 FF 00 00 60 40 02 00 00 00 00 00 00 00",
		"00 00 30 41 FD 98 7E 3F 64 D0 74 3F 00 00 00 00 00 00 00 00 00 00 00 00 00 00 00 00 00 00 00 00 FF F2 E5 FF 00 00 F0 41 02 00 00 00 00 00 00 00"
	],
	"unk15": [
		"00 00 00 00 00 00 E0 40 00 00 40 C0 00 00 00 00 2C BD BB 32 FD FF FF BE D8 B3 5D 3F 34 96 22 33",
		"00 00 00 00 00 00 C0 40 00 00 60 40 00 00 00 00 5F 60 AD 32 24 13 63 BF 52 6A EC 3E C9 86 26 33"
	],
	"unk16": [
	],
	"unk17": [
	],
	"unk18": [
	],
	"unk19": [
	],
	"unk20": [
	],
	"unk21": [
	],
	"unk22": [
		[3.75, 0.75],
		[3.75, 12.0],
		[15.75, 12.0],
		[15.75, 0.75]
	],
	"empty23": [
	],
	"unk24": [
		[0.0, 0.0, 0.0, 1.0],
		[0.0, -1.0, 0.0, 4.371139e-08],
		[0.0, 0.0, 0.0, -1.0]
	],
	"unk25": [
		[0.0, 0.0, 0.0, 0.0],
		[1.0, 1.0, 1.0, 0.0],
		[3.0, 1.5, 1.1, 0.0]
	],
	"actorParams": [
		"HyruleHouse008_001",
		"AreaStartCommon:WalkIn",
		null,
		"",
		0.0,
		"HyruleHouse04",
		0,
		1,
		-1665272147,
		7.81,
		0.5,
		0.2,
		"HyruleHouse04_Effect_00",
		"Field",
		"F_HyruleCastle001_009",
		"AreaExitCommon:WalkOut",
		"think01",
		false,
		1.0
	],
	"floatValues": [
	],
	"empty28": [
	],
	"stringValues": [
		"RoomEdge_2x2"
	],
	"stringOffsets": [
		0,
		19,
		42,
		43,
		56,
		70,
		94,
		100,
		122,
		145,
		153
	],
	"strings": [
		"HyruleHouse008_001",
		"AreaStartCommon:WalkIn",
		"",
		"RoomEdge_2x2",
		"HyruleHouse04",
		"HyruleHouse04_Effect_00",
		"Field",
		"F_HyruleCastle001_009",
		"AreaExitCommon:WalkOut",
		"think01",
		"HyruleHouse008"
	]
}
