{
	"actors": [
		[[0.75, 0.0, 6.75], 1, 1, 0.0, 0.75, -0.14299965, [-3.75, -3.75, -3.7500005, 3.75, 3.75, 3.75], [], ["KakarikoHouse003_001", "AreaStartCommon:WalkIn", null, "", 0.0, 0.0], -538249781, 0, 0, 0, "TagAreaStart", 0, 0, 0, 0, 0, 0, 0, 0, 0, 0, 0, 0, 3, 1, 0],
		[[0.75, 0.0, 1.5], 2, 1, 0.022000074, 1.681, -0.16000009, [-6.3059998, -2.431, -5.41, 6.3059998, 2.431, 5.41], [], ["KakarikoHouse02_Effect_00"], -426480174, 1, 0, 0, "TagTailorPlayer", 0, 0, 0, 0, 0, 0, 0, 0, 0, 0, 0, 0, 3, 1, 0],
		[[0.75, 0.0, 1.5], 2, 1, 0.021999836, 1.681, -0.16000009, [-9.306, -5.4309998, -8.41, 9.306, 5.4309998, 8.41], [], ["KakarikoHouse02", "", "", 0, 1], -2092307428, 2, 0, 0, "MapStatic", 0, 0, 0, 1, 0, 0, 0, 0, 0, 0, 0, 0, 3, 1, 0],
		[[-0.75, 0.0, -2.25], 2, 1, 0.0, 0.62, 0.0, [-0.75, -0.75, -0.75, 0.75, 0.75, 0.75], [], [], -1168827651, 3, 0, 0, "Pot", 0, 0, 1, 0, 0, 0, 0, 0, 0, 0, 0, 0, 3, 1, 0],
		[[0.75, 0.75, 6.75], 2, 2, 0.0, 0.0, 0.15899992, [-1.5, -0.75, -0.75, 1.5, 0.75, 0.75], [], ["Field", "Field_HyrulePlains_007", "AreaExitCommon:WalkOut", 0, "", null, 0], -564402435, 4, 0, 0, "SensorLevelOpen", 0, 0, 1, 0, 0, 0, 0, 0, 0, 0, 0, 0, 3, 1, 0],
		[[2.989863, 0.0, 0.0024642944], 3, 1, 0.004137039, 0.6995, -0.016464293, [-0.7720001, -0.81850004, -0.75, 0.7720001, 0.8185, 0.75], [], [], -15756827, 5, 0, 0, "HylianM001", 0, 0, 1, 1, 0, 0, 0, 0, 0, 0, 0, 0, 3, 1, 0],
		[[3.75, 0.75, 5.25], 4, 1, 0.052999973, 0.60800004, -0.01999998, [-0.75, -0.75000006, -0.75, 0.75, 0.75, 0.75], [], [], -1685633408, 6, 0, 0, "HylianMC002", 0, 0, 2, 1, 0, 0, 0, 0, 0, 0, 0, 0, 3, 1, 0],
		[[0.75, 2.25, 1.5], 1, 1, 0.0, 0.0, 0.0, [-8.0, -8.0, -8.0, 8.0, 8.0, 8.0], [], [-586101440, 8.0, 0.5, 0.01], -586101440, 7, 0, 0, "TagLightProbe", 0, 0, 3, 0, 0, 0, 0, 0, 0, 0, 0, 0, 3, 1, 0],
		[[0.75, 0.0, 1.125], 0, 1, 0.0, 0.0, 0.0, [-0.5, -0.5, -0.5, 0.5, 0.5, 0.5], [], [0, 0, false, 1.0], -2130484452, 8, 0, 0, "TagLightActor", 0, 0, 3, 0, 0, 0, 0, 0, 0, 0, 0, 0, 3, 1, 0],
		[[0.75, 0.0, 6.0], 0, 1, 0.0, 0.0, 0.0, [-0.5, -0.5, -0.5, 0.5, 0.5, 0.5], [], [1, 1, false, 1.0], -382566774, 9, 0, 0, "TagLightActor", 0, 0, 3, 0, 0, 0, 0, 0, 0, 0, 0, 0, 3, 1, 0]
	],
	"empty1": [
	],
	"unk2": [
	],
	"unk3": [
		2,
		0,
		7,
		1,
		8,
		9,
		3,
		5,
		4,
		6
	],
	"unk4": [
		"07 00 01 00 00 00 00 00 14 02 8A 21 00 00 00 00 00 00 00 00 00 00 00 00",
		"04 00 00 00 09 00 00 00 07 45 19 37 00 00 00 00 00 00 00 00 00 00 00 00",
		"04 00 00 00 0A 00 00 00 07 45 19 37 00 00 00 00 00 00 00 00 00 00 00 00"
	],
	"unk5": [
		"00 00 01 00 00 00 00 00 00 00 00 00"
	],
	"unk6": [
		"00 00"
	],
	"unk7": [
		[-4.75, -1.0, -3.938, 0.0, 6.25, 5.0, 7.5, 0.0, 0, 0, 0, 10, -1, 0, 0, 0]
	],
	"unk8": [
	],
	"unk9": [
	],
	"unk10": [
	],
	"unk11": [
	],
	"unk12": [
		[-16.0, -11.0, -14.875, 0.0, 17.5, 15.0, 17.5, 0.0, 5.0, -1.0, 11, 0, 4, 0]
	],
	"unk13": [
	],
	"unk14": [
		"00 00 40 41 D7 B3 5D 3F 7D 1B 44 3F 00 00 00 00 00 00 00 00 00 00 00 00 00 00 00 00 00 00 00 00 FF F2 E5 FF 00 00 60 40 02 00 00 00 00 00 00 00",
		"00 00 70 41 E2 67 7A 3F 81 0D 72 3F 00 00 00 00 00 00 00 00 00 00 00 00 00 00 00 00 00 00 00 00 FF F2 E5 FF 00 00 F0 41 02 00 00 00 00 00 00 00"
	],
	"unk15": [
		"00 00 00 00 00 00 E0 40 00 00 58 C0 00 00 00 00 2C BD BB 32 FD FF FF BE D8 B3 5D 3F 34 96 22 33",
		"00 00 00 00 00 00 C0 40 00 00 84 40 00 00 00 00 5F 60 AD 32 24 13 63 BF 52 6A EC 3E C9 86 26 33"
	],
	"unk16": [
	],
	"unk17": [
	],
	"unk18": [
	],
	"unk19": [
	],
	"unk20": [
	],
	"unk21": [
	],
	"unk22": [
		[-6.0, -4.875],
		[-6.0, 7.5],
		[7.5, 7.5],
		[7.5, -4.875]
	],
	"empty23": [
	],
	"unk24": [
		[0.0, 0.0, 0.0, 1.0],
		[0.0, -1.0, 0.0, 4.371139e-08],
		[0.0, 0.0, 0.0, -1.0],
		[0.0, 0.12559277, 0.0, -0.9920819],
		[0.0, 0.56662, 0.0, -0.82397926]
	],
	"unk25": [
		[0.0, 0.0, 0.0, 0.0],
		[1.0, 1.0, 1.0, 0.0],
		[3.0, 1.5, 1.1, 0.0]
	],
	"actorParams": [
		"KakarikoHouse003_001",
		"AreaStartCommon:WalkIn",
		null,
		"",
		0.0,
		"KakarikoHouse02_Effect_00",
		"KakarikoHouse02",
		0,
		1,
		"Field",
		"Field_HyrulePlains_007",
		"AreaExitCommon:WalkOut",
		-586101440,
		8.0,
		0.5,
		0.01,
		false,
		1.0
	],
	"unk27": [
	],
	"empty28": [
	],
	"unk29": [
		"04 00"
	],
	"stringOffsets": [
		0,
		21,
		44,
		45,
		71,
		84,
		100,
		106,
		129,
		152,
		160,
		171
	],
	"strings": [
		"KakarikoHouse003_001",
		"AreaStartCommon:WalkIn",
		"",
		"KakarikoHouse02_Effect_00",
		"RoomEdge_2x2",
		"KakarikoHouse02",
		"Field",
		"Field_HyrulePlains_007",
		"AreaExitCommon:WalkOut",
		"think01",
		"sleep_lp01",
		"KakarikoHouse003"
	]
}
