{
	"actors": [
		[[0.75, 0.0, 5.25], 1, 1, 0.0, 0.75, -0.14299965, -3.75, -3.75, -3.7500005, 3.75, 3.75, 3.75, [], ["S060_R001_Start", "AreaStartCommon:WalkIn", null, "", 0.0, 0.0], -2124277450, 0, 0, 0, "TagAreaStart", 0, 0, 0, 0, 0, 0, 0, 0, 0, 0, 0, 0, 3, 1, 0],
		[[0.75, 0.0, 0.75], 2, 1, 0.0065000057, 2.3555, -0.08249998, -5.4434996, -3.8555, -5.3395, 5.4434996, 3.8555, 5.3395, [], ["S_Dungeon060_001_Effect_00"], -1591414187, 1, 0, 0, "TagTailorPlayer", 0, 0, 0, 0, 0, 0, 0, 0, 0, 0, 0, 0, 3, 1, 0],
		[[0.75, 0.0, 0.75], 2, 1, 0.0065000057, 2.3555002, -0.08249998, -8.4435, -6.8555, -8.3395, 8.4435, 6.8555, 8.3395, [], ["S_Dungeon060_001", "", "", 0, 1], -1449920542, 2, 0, 0, "MapStatic", 0, 0, 0, 1, 0, 0, 0, 0, 0, 0, 0, 0, 3, 1, 0],
		[[0.75, 0.0, -0.75], 2, 1, 0.0, 0.57299995, 0.074, -0.75, -0.74999994, -0.75, 0.75, 0.75, 0.75, [[1, 2], ["S060_TreasureBoxOpen", 1]], ["Switch0", 218, 0, 0, "", "", 10, false], -1765763275, 3, 0, 0, "TreasureBox", 0, 0, 1, 0, 0, 0, 0, 0, 0, 0, 0, 0, 3, 1, 0],
		[[0.75, 0.75, 5.25], 2, 2, 0.0, 0.0, 0.15899992, -0.75, -0.75, -0.75, 0.75, 0.75, 0.75, [], ["Field", "Field_HyruleLake_003", "AreaExitCommon:WalkOut", 0, "", 0, 0], -381496280, 4, 0, 0, "SensorLevelOpen", 0, 0, 1, 0, 0, 0, 0, 0, 0, 0, 0, 0, 3, 1, 0],
		[[0.75, 0.0, 5.25], 0, 1, 0.0, 0.0, 0.0, -0.5, -0.5, -0.5, 0.5, 0.5, 0.5, [], [0, 0, false, 1.0], -1298119755, 5, 0, 0, "TagLightActor", 0, 0, 1, 0, 0, 0, 0, 0, 0, 0, 0, 0, 3, 1, 0],
		[[0.75, 0.0, 0.75], 0, 1, 0.0, 0.0, 0.0, -0.5, -0.5, -0.5, 0.5, 0.5, 0.5, [], [1, 1, false, 1.0], -620881633, 6, 0, 0, "TagLightActor", 0, 0, 1, 0, 0, 0, 0, 0, 0, 0, 0, 0, 3, 1, 0]
	],
	"empty1": [
	],
	"unk2": [
	],
	"unk3": [
		2,
		0,
		1,
		5,
		6,
		3,
		4
	],
	"unk4": [
		"07 00 01 00 00 00 00 00 14 02 8A 21 00 00 00 00 00 00 00 00 00 00 00 00"
	],
	"unk5": [
		"00 00 01 00 00 00 00 00 00 00 00 00"
	],
	"unk6": [
		"00 00"
	],
	"unk7": [
		"00 00 90 C0 00 00 C0 BF 00 00 90 C0 00 00 00 00 00 00 C0 40 00 00 F0 40 00 00 C0 40 00 00 00 00 00 00 00 00 00 00 07 00 FF FF 00 00 00 00 00 00"
	],
	"unk8": [
	],
	"unk9": [
	],
	"unk10": [
	],
	"unk11": [
	],
	"unk12": [
		"00 00 5C C1 00 00 38 C1 00 00 5C C1 00 00 00 00 00 00 5C 41 00 00 8C 41 00 00 74 41 00 00 00 00 00 00 F0 40 00 00 C0 BF 0B 00 00 00 0A 00 00 00"
	],
	"unk13": [
	],
	"unk14": [
		"00 00 20 41 00 00 80 3F 64 D0 74 3F 00 00 00 00 00 00 00 00 00 00 00 00 00 00 00 00 00 00 00 00 FF F2 E5 FF 00 00 A0 41 02 00 00 00 00 00 00 00",
		"00 00 A0 41 BC F1 74 3F 1D B3 56 3F 00 00 00 00 00 00 00 00 00 00 00 00 00 00 00 00 00 00 00 00 FF D1 A4 FF 00 00 00 41 02 00 00 00 00 00 00 00"
	],
	"unk15": [
		"00 00 00 00 00 00 C0 40 00 00 60 40 00 00 00 00 13 AF 9E 32 C9 03 68 BF 6F 61 D8 3E 38 26 2A 33",
		"00 00 00 00 9A 99 15 41 0A D7 43 C0 00 00 00 00 87 5D D7 32 E9 D5 12 BF F2 B3 51 3F 69 C9 19 33"
	],
	"unk16": [
	],
	"unk17": [
	],
	"unk18": [
	],
	"unk19": [
	],
	"unk20": [
	],
	"unk21": [
	],
	"unk22": [
		"00 00 70 C0 00 00 70 40",
		"00 00 40 BF 00 00 70 40",
		"00 00 40 BF 00 00 A8 40",
		"00 00 40 3F 00 00 A8 40",
		"00 00 40 3F 00 00 70 40",
		"00 00 70 40 00 00 70 40",
		"00 00 70 40 00 00 10 C0",
		"00 00 10 40 00 00 70 C0",
		"00 00 10 C0 00 00 70 C0",
		"00 00 70 C0 00 00 10 C0"
	],
	"empty23": [
	],
	"unk24": [
		"00 00 00 00 00 00 00 00 00 00 00 00 00 00 80 3F",
		"00 00 00 00 00 00 80 BF 00 00 00 00 2E BD 3B 33",
		"00 00 00 00 00 00 00 00 00 00 00 00 00 00 80 BF"
	],
	"unk25": [
		"00 00 00 00 00 00 00 00 00 00 00 00 00 00 00 00",
		"00 00 80 3F 00 00 80 3F 00 00 80 3F 00 00 00 00",
		"00 00 C0 3F 00 00 C0 3F CD CC 8C 3F 00 00 00 00"
	],
	"actorParams": [
		"S060_R001_Start",
		"AreaStartCommon:WalkIn",
		null,
		"",
		0.0,
		"S_Dungeon060_001_Effect_00",
		"S_Dungeon060_001",
		0,
		1,
		"Switch0",
		218,
		10,
		false,
		"S060_TreasureBoxOpen",
		"Field",
		"Field_HyruleLake_003",
		"AreaExitCommon:WalkOut",
		1.0
	],
	"unk27": [
	],
	"empty28": [
	],
	"unk29": [
		"04 00"
	],
	"stringOffsets": [
		0,
		16,
		39,
		40,
		67,
		80,
		97,
		105,
		126,
		132,
		153,
		176
	],
	"strings": [
		"S060_R001_Start",
		"AreaStartCommon:WalkIn",
		"",
		"S_Dungeon060_001_Effect_00",
		"RoomEdge_1x1",
		"S_Dungeon060_001",
		"Switch0",
		"S060_TreasureBoxOpen",
		"Field",
		"Field_HyruleLake_003",
		"AreaExitCommon:WalkOut",
		"SDungeon060_Top"
	]
}
