{
	"actors": [
		[[0.0, 0.75, 4.875], 1, 1, 0.0, 0.75, -0.14299965, -3.75, -3.75, -3.7500002, 3.75, 3.75, 3.75, [], ["SeasideHouse002_001", "AreaStartCommon:WalkIn", null, ""], -769337801, 0, 0, 0, "TagAreaStart", 0, 0, 0, 0, 0, 0, 0, 0, 0, 0, 0, 0, 3, 1, 0],
		[[0.0, 0.0, 0.0], 2, 1, 0.48049998, 2.921, 0.46550012, -6.5605, -3.421, -4.7845, 6.5605, 3.421, 4.7845, [], ["SeasideHouse01_Effect_00"], -1375664163, 1, 0, 0, "TagTailorPlayer", 0, 0, 0, 0, 0, 0, 0, 0, 0, 0, 0, 0, 3, 1, 0],
		[[0.0, 2.25, 1.0], 1, 1, 0.0, 0.0, 0.0, -9.0, -9.0, -9.0, 9.0, 9.0, 9.0, [], [-982676155, 9.0, 0.5, 0.2], -982676155, 2, 0, 0, "TagLightProbe", 0, 0, 0, 0, 0, 0, 0, 0, 0, 0, 0, 0, 3, 1, 0],
		[[0.0, 0.0, 0.0], 2, 1, 0.48050022, 3.055, 0.46550012, -9.5605, -6.2869997, -7.7845, 9.5605, 6.2869997, 7.7845, [], ["SeasideHouse01", "", "", 0, 1], -1205885032, 3, 0, 0, "MapStatic", 0, 0, 0, 1, 0, 0, 0, 0, 0, 0, 0, 0, 3, 1, 0],
		[[0.0, 1.5, 4.875], 2, 2, 0.0, 0.0, 0.15899992, -1.5, -0.75, -0.75, 1.5, 0.75, 0.75, [], ["Field", "Coast_001_002", "AreaExitCommon:WalkOut", 0, "", null, 0], -333545890, 4, 0, 0, "SensorLevelOpen", 0, 0, 1, 0, 0, 0, 0, 0, 0, 0, 0, 0, 3, 1, 0],
		[[2.625, 0.0, 0.0], 3, 1, 0.020999908, 0.716, -0.036000013, -0.82799995, -0.838, -0.751, 0.82800007, 0.838, 0.751, [], [], -1659270084, 5, 0, 0, "HylianM019", 0, 0, 1, 1, 0, 0, 0, 0, 0, 0, 0, 0, 3, 1, 0],
		[[0.0, 0.75, 4.5], 0, 1, 0.0, 0.0, 0.0, -0.5, -0.5, -0.5, 0.5, 0.5, 0.5, [], [0, 0, false, 1.0], -2144135959, 6, 0, 0, "TagLightActor", 0, 0, 2, 0, 0, 0, 0, 0, 0, 0, 0, 0, 3, 1, 0],
		[[0.0, 0.0, 0.75], 0, 1, 0.0, 0.0, 0.0, -0.5, -0.5, -0.5, 0.5, 0.5, 0.5, [], [1, 1, false, 1.0], -1833435313, 7, 0, 0, "TagLightActor", 0, 0, 2, 0, 0, 0, 0, 0, 0, 0, 0, 0, 3, 1, 0]
	],
	"empty1": [
	],
	"unk2": [
	],
	"unk3": [
		3,
		0,
		2,
		1,
		7,
		5,
		6,
		4
	],
	"unk4": [
		"07 00 01 00 00 00 00 00 14 02 8A 21 00 00 00 00 00 00 00 00 00 00 00 00",
		"04 00 00 00 09 00 00 00 89 5A 97 C4 00 00 00 00 00 00 00 00 00 00 00 00"
	],
	"unk5": [
		"00 00 01 00 00 00 00 00 00 00 00 00"
	],
	"unk6": [
		"00 00"
	],
	"unk7": [
		"00 00 C0 C0 00 00 C0 BF 00 00 A0 C0 00 00 00 00 00 00 C0 40 00 00 F0 40 00 00 A0 40 00 00 00 00 00 00 00 00 00 00 08 00 FF FF 00 00 00 00 00 00"
	],
	"unk8": [
	],
	"unk9": [
	],
	"unk10": [
	],
	"unk11": [
	],
	"unk12": [
		"00 00 80 C1 00 00 38 C1 00 00 68 C1 00 00 00 00 00 00 80 41 00 00 8C 41 00 00 74 41 00 00 00 00 00 00 F0 40 00 00 C0 BF 0A 00 00 00 04 00 00 00"
	],
	"unk13": [
	],
	"unk14": [
		"00 00 30 41 2F A6 7F 3F 4D 65 78 3F 00 00 00 00 00 00 00 00 00 00 00 00 00 00 00 00 00 00 00 00 FF F2 E5 FF 00 00 F0 41 02 00 00 00 00 00 00 00",
		"00 00 50 41 EA 46 77 3F 4B 30 31 3F 00 00 00 00 00 00 00 00 00 00 00 00 00 00 00 00 00 00 00 00 FF F2 E5 FF 00 00 60 40 02 00 00 00 00 00 00 00"
	],
	"unk15": [
		"00 00 00 00 00 00 C0 40 00 00 60 40 00 00 00 00 5F 60 AD 32 24 13 63 BF 52 6A EC 3E C9 86 26 33",
		"00 00 00 00 00 00 E0 40 00 00 40 C0 00 00 00 00 2C BD BB 32 FD FF FF BE D8 B3 5D 3F 34 96 22 33"
	],
	"unk16": [
	],
	"unk17": [
	],
	"unk18": [
	],
	"unk19": [
	],
	"unk20": [
	],
	"unk21": [
	],
	"unk22": [
		"00 00 C0 C0 00 00 90 C0",
		"00 00 C0 C0 00 00 A8 40",
		"00 00 C0 40 00 00 A8 40",
		"00 00 C0 40 00 00 90 C0"
	],
	"empty23": [
	],
	"unk24": [
		"00 00 00 00 00 00 00 00 00 00 00 00 00 00 80 3F",
		"00 00 00 00 00 00 80 BF 00 00 00 00 2E BD 3B 33",
		"00 00 00 00 00 00 00 00 00 00 00 00 00 00 80 BF",
		"00 00 00 00 E9 83 84 3E 00 00 00 00 EB 46 77 BF"
	],
	"unk25": [
		"00 00 00 00 00 00 00 00 00 00 00 00 00 00 00 00",
		"00 00 80 3F 00 00 80 3F 00 00 80 3F 00 00 00 00",
		"00 00 40 40 00 00 C0 3F CD CC 8C 3F 00 00 00 00"
	],
	"actorParams": [
		"SeasideHouse002_001",
		"AreaStartCommon:WalkIn",
		null,
		"",
		"SeasideHouse01_Effect_00",
		-982676155,
		9.0,
		0.5,
		0.2,
		"SeasideHouse01",
		0,
		1,
		"Field",
		"Coast_001_002",
		"AreaExitCommon:WalkOut",
		false,
		1.0
	],
	"unk27": [
	],
	"empty28": [
	],
	"unk29": [
		"04 00"
	],
	"stringOffsets": [
		0,
		20,
		43,
		44,
		69,
		82,
		97,
		103,
		117,
		140,
		147
	],
	"strings": [
		"SeasideHouse002_001",
		"AreaStartCommon:WalkIn",
		"",
		"SeasideHouse01_Effect_00",
		"RoomEdge_2x2",
		"SeasideHouse01",
		"Field",
		"Coast_001_002",
		"AreaExitCommon:WalkOut",
		"wait08",
		"SeasideHouse002"
	]
}
