{
	"actors": [
		[[9.75, 0.0, 11.25], 1, 1, 0.0, 0.75, -0.14299965, [-3.75, -3.75, -3.75, 3.75, 3.75, 3.75], [], ["BoundaryHyruleHouse004_001", "AreaStartCommon:WalkIn", null, ""], -1535354459, 0, 0, 0, "TagAreaStart", 0, 0, {}, 0, 0, 0, 0, 0, 0, 0, 0, 3, 1, 0],
		[[9.75, 0.0, 6.0], 2, 1, 0.031999588, 1.6805, 0.022000313, [-9.0789995, -5.4695, -8.347, 9.079, 5.4695, 8.347], [], ["HyruleHouse07", "", "", 0, 1], -316757907, 1, 0, 0, "MapStatic", 0, 0, {"$BakedFixtureList": ["RoomEdge_2x2"]}, 0, 0, 0, 0, 0, 0, 0, 0, 3, 1, 0],
		[[9.75, 0.0, 6.0], 2, 1, 0.031999588, 1.6805, 0.022000313, [-6.0789995, -2.4695, -5.347, 6.0790005, 2.4695, 5.347], [], ["HyruleHouse07_Effect_00_Boundary"], -627035782, 2, 0, 0, "TagTailorPlayer", 0, 0, {}, 0, 0, 0, 0, 0, 0, 0, 0, 3, 1, 0],
		[[9.75, 0.75, 11.25], 2, 2, 0.0, 0.0, 0.1590004, [-1.5, -0.75, -0.75, 1.5, 0.75, 0.75], [], ["FieldBoundaryCastle", "FBCastle_007", "AreaExitCommon:WalkOut", 0, "", null, 0], -2118738717, 3, 0, 0, "SensorLevelOpen", 0, 0, {}, 0, 0, 0, 0, 0, 0, 0, 0, 3, 1, 0],
		[[12.0, 0.591, 9.0], 3, 1, 0.0, -5.9604645e-08, 0.0, [-0.75, -0.74999994, -0.7770004, 0.75, 0.75, 0.7770004], [], [], -1744065556, 4, 0, 0, "BoundaryHylianF023", 0, 0, {}, 0, 0, 0, 0, 0, 0, 0, 0, 3, 1, 0],
		[[9.75, 2.25, 6.0], 1, 1, 0.0, 0.0, 0.0, [-9.0, -9.0, -9.0, 9.0, 9.0, 9.0], [], [-2098587201, 9.0, 0.5, 0.2], -2098587201, 5, 0, 0, "TagLightProbe", 0, 0, {}, 0, 0, 0, 0, 0, 0, 0, 0, 3, 1, 0],
		[[9.75, 0.0, 11.25], 0, 1, 0.0, 0.0, 0.0, [-0.5, -0.5, -0.5, 0.5, 0.5, 0.5], [], [0, 0, false, 1.0], -473577682, 6, 0, 0, "TagLightActor", 0, 0, {}, 0, 0, 0, 0, 0, 0, 0, 0, 3, 1, 0],
		[[9.75, 0.0, 6.0], 0, 1, 0.0, 0.0, 0.0, [-0.5, -0.5, -0.5, 0.5, 0.5, 0.5], [], [1, 1, false, 1.0], -2051557979, 7, 0, 0, "TagLightActor", 0, 0, {}, 0, 0, 0, 0, 0, 0, 0, 0, 3, 1, 0]
	],
	"empty1": [
	],
	"unk2": [
	],
	"unk3": [
		1,
		0,
		5,
		2,
		6,
		7,
		4,
		3
	],
	"actorFieldValues": [
		[7, 1, ["RoomEdge_2x2"], "$BakedFixtureList", 0, 0, 0]
	],
	"unk5": [
		"00 00 01 00 00 00 00 00 00 00 00 00"
	],
	"unk6": [
		"00 00"
	],
	"unk7": [
		[3.75, -1.5, 0.5, 0.0, 15.75, 7.5, 12.0, 0.0, 0, 0, 0, 8, -1, 0, 0, 0]
	],
	"unk8": [
	],
	"unk9": [
	],
	"unk10": [
	],
	"unk11": [
	],
	"unk12": [
		[-6.25, -11.5, -9.25, 0.0, 25.75, 17.5, 22.75, 0.0, 7.5, -1.5, 9, 0, 4, 0]
	],
	"unk13": [
	],
	"unk14": [
		"00 00 A0 41 00 00 80 3F B2 8F 70 3F 00 00 00 00 00 00 00 00 00 00 00 00 00 00 00 00 00 00 00 00 00 18 FF FF 00 00 20 42 02 00 00 00 00 00 00 00",
		"00 00 40 41 00 00 80 3F F3 B3 51 3F 00 00 00 00 00 00 00 00 00 00 00 00 00 00 00 00 00 00 00 00 D0 D0 FF FF 00 00 A0 40 02 00 00 00 00 00 00 00"
	],
	"unk15": [
		"00 00 00 00 00 00 C0 40 5C 8F 8A 40 00 00 00 00 5F 60 AD 32 24 13 63 BF 52 6A EC 3E C9 86 26 33",
		"00 00 00 00 00 00 E0 40 00 00 70 C0 00 00 00 00 2C BD BB 32 FD FF FF BE D8 B3 5D 3F 34 96 22 33"
	],
	"unk16": [
	],
	"unk17": [
	],
	"unk18": [
	],
	"unk19": [
	],
	"unk20": [
	],
	"unk21": [
	],
	"unk22": [
		[3.75, 0.75],
		[3.75, 12.75],
		[15.75, 12.75],
		[15.75, 0.75]
	],
	"empty23": [
	],
	"unk24": [
		[0.0, 0.0, 0.0, 1.0],
		[0.0, -1.0, 0.0, 4.371139e-08],
		[0.0, 0.0, 0.0, -1.0],
		[0.07287222, 0.38149115, -0.030184569, -0.92100114]
	],
	"unk25": [
		[0.0, 0.0, 0.0, 0.0],
		[1.0, 1.0, 1.0, 0.0],
		[3.0, 1.5, 1.1, 0.0]
	],
	"actorParams": [
		"BoundaryHyruleHouse004_001",
		"AreaStartCommon:WalkIn",
		null,
		"",
		"HyruleHouse07",
		0,
		1,
		"HyruleHouse07_Effect_00_Boundary",
		"FieldBoundaryCastle",
		"FBCastle_007",
		"AreaExitCommon:WalkOut",
		-2098587201,
		9.0,
		0.5,
		0.2,
		false,
		1.0
	],
	"floatValues": [
	],
	"empty28": [
	],
	"stringValues": [
		"RoomEdge_2x2"
	],
	"stringOffsets": [
		0,
		27,
		50,
		51,
		64,
		78,
		111,
		131,
		144,
		167
	],
	"strings": [
		"BoundaryHyruleHouse004_001",
		"AreaStartCommon:WalkIn",
		"",
		"RoomEdge_2x2",
		"HyruleHouse07",
		"HyruleHouse07_Effect_00_Boundary",
		"FieldBoundaryCastle",
		"FBCastle_007",
		"AreaExitCommon:WalkOut",
		"BoundaryHyruleHouse004"
	]
}
