{
	"actors": [
		[[30.75, 0.0, -0.75], 1, 1, 0.0, 0.75, -0.14300013, [-3.75, -3.75, -3.75, 3.75, 3.75, 3.75], [], ["BS003_R001_Start", "AreaStartCommon:LadderDown", null, "Wall"], -314222260, 0, 0, 0, "TagAreaStart", 0, 0, {}, 0, 0, 0, 0, 0, 0, 0, 0, 3, 1, 0],
		[[0.0, 0.0, 0.0], 2, 1, 17.5075, -14.401, -5.7235003, [-31.3165, -20.098999, -12.2765, 31.316502, 20.098999, 12.276501], [], ["BS_Dungeon003_001_Effect_00"], -2012892953, 1, 0, 0, "TagTailorPlayer", 0, 0, {}, 0, 0, 0, 0, 0, 0, 0, 0, 3, 1, 0],
		[[0.0, 0.0, 0.0], 2, 1, 17.5075, -14.401, -5.7235003, [-34.316498, -23.098999, -15.2765, 34.3165, 23.098999, 15.2765], [], ["BS_Dungeon003_001", "", "", 0, 1], -820661034, 2, 0, 0, "MapStatic", 0, 0, {"$BakedFixtureList": ["RoomEdge_Side"]}, 0, 0, 0, 0, 0, 0, 0, 0, 3, 1, 0],
		[[21.75, -10.5, -0.75], 2, 2, 0.0, 3.75, -0.73, [-3.75, -6.75, -3.75, 3.75, 6.75, 3.75], [], [], -1570477928, 3, 0, 0, "MapLadder", 0, 0, {}, 0, 0, 0, 0, 0, 0, 0, 0, 3, 3, 0],
		[[30.75, -11.25, -0.75], 2, 3, 0.0, 6.375, -0.73, [-3.75, -9.375, -3.75, 3.75, 9.375, 3.75], [], [], -1840821505, 4, 0, 0, "MapLadder", 0, 0, {}, 0, 0, 0, 0, 0, 0, 0, 0, 3, 3, 0],
		[[18.75, -28.5, -0.75], 2, 4, 0.0, 8.625, 0.0, [-20.25, -11.625, -4.5, 20.25, 11.625, 4.5], [], [], -520783565, 5, 0, 0, "MapPond", 0, 0, {}, 0, 0, 0, 0, 0, 0, 0, 0, 3, 3, 0],
		[[30.75, -0.75, -0.75], 2, 5, 0.0, 0.0, 0.65, [-0.75, -0.75, -2.9, 0.75, 0.75, 2.9], [], ["S_Dungeon101", "S101_R001_StartE", "AreaExitCommon:LadderUp", 1, "", null, 0], -1265470326, 6, 0, 0, "SensorLevelOpen", 0, 0, {}, 0, 0, 0, 0, 0, 0, 0, 0, 3, 1, 0],
		[[17.25, -21.75, -0.75], 3, 1, -0.009000778, 0.6149998, 0.0, [-0.75, -0.75, -0.75, 0.75, 0.75, 0.75], [], [], -1968565575, 7, 0, 0, "Taggler00", 0, 0, {}, 0, 0, 0, 0, 0, 0, 0, 0, 3, 1, 0],
		[[9.75, -10.5, -0.75], 2, 1, 0.0, 0.4989996, 0.0019999743, [-1.0579996, -0.75, -0.75, 1.0579996, 0.75, 0.75], [], [], -340812743, 8, 0, 0, "TektightBoundary", 0, 0, {"526480994": 5}, 0, 0, 0, 0, 0, 0, 0, 0, 3, 1, 0],
		[[5.25, -24.75, -0.75], 2, 1, 0.0, 0.64100075, 0.0, [-0.84800005, -0.75, -0.84800005, 0.84800005, 0.75, 0.848], [], [], -1480392428, 9, 0, 0, "Biri", 0, 0, {}, 0, 0, 0, 0, 0, 0, 0, 0, 3, 1, 0],
		[[14.25, -28.5, -0.75], 2, 1, 0.0, 0.75, 0.0, [-0.75, -0.75, -0.75, 0.75, 0.75, 0.75], [], ["WallCrackedBlockS007", true, true, false, false], -1300071446, 10, 0, 0, "WallCracked", 0, 0, {}, 0, 0, 0, 0, 0, 0, 0, 0, 3, 1, 0],
		[[32.25, -19.5, -0.75], 2, 1, 0.0, 0.75, 0.0, [-0.75, -0.75, -0.75, 0.75, 0.75, 0.75], [], ["WallCrackedBlockS007", true, true, false, false], -1176339374, 11, 0, 0, "WallCracked", 0, 0, {}, 0, 0, 0, 0, 0, 0, 0, 0, 3, 1, 0],
		[[27.0, -13.5, -0.75], 4, 1, -0.13299942, 0.58500004, 0.0, [-0.9150009, -0.75, -0.75, 0.914999, 0.75, 0.75], [], [], -394397238, 12, 0, 0, "Bombfish", 0, 0, {}, 0, 0, 0, 0, 0, 1, 0, 0, 3, 1, 0],
		[[30.75, -19.5, -0.75], 2, 1, 0.0, 0.75, 0.0, [-0.75, -0.75, -0.75, 0.75, 0.75, 0.75], [], ["WallCrackedBlockS007", true, true, false, false], -171261459, 13, 0, 0, "WallCracked", 0, 0, {}, 0, 0, 0, 0, 1, 0, 0, 0, 3, 1, 0],
		[[24.75, -3.0, -0.75], 2, 1, 0.0, 0.75, 0.0, [-0.75, -0.75, -0.75, 0.75, 0.75, 0.75], [], ["WallCrackedBlockS007", true, true, false, false], -1823297491, 14, 0, 0, "WallCracked", 0, 0, {}, 0, 0, 0, 0, 1, 0, 0, 0, 3, 1, 0],
		[[21.0, -24.0, -1.5], 2, 1, 0.0, 0.29400063, 0.0, [-0.75, -0.75, -0.75, 0.75, 0.75, 0.75], [], [], -1185023604, 15, 0, 0, "BubbleCrack", 0, 0, {}, 0, 0, 0, 0, 1, 0, 0, 0, 3, 1, 0],
		[[33.75, -12.0, -0.75], 5, 1, -0.002998352, 0.75, 0.0059999824, [-0.78700256, -0.75, -0.784, 0.78699875, 0.75, 0.78400004], [], [], -914634849, 16, 0, 0, "BoxWooden", 0, 0, {}, 0, 0, 0, 0, 1, 0, 0, 0, 3, 1, 0],
		[[35.25, -12.0, -0.75], 5, 1, -0.002998352, 0.75, 0.0059999824, [-0.78700256, -0.75, -0.784, 0.78699875, 0.75, 0.78400004], [], [], -1957324775, 17, 0, 0, "BoxWooden", 0, 0, {}, 0, 0, 0, 0, 1, 0, 0, 0, 3, 1, 0],
		[[15.75, -12.0, -0.75], 5, 1, -0.0030002594, 0.75, 0.0059999824, [-0.7869997, -0.75, -0.784, 0.78700066, 0.75, 0.78400004], [], [], -1669363661, 18, 0, 0, "BoxWooden", 0, 0, {"ItemDrop.DropItemId": 0}, 0, 0, 0, 0, 1, 0, 0, 0, 3, 1, 0],
		[[17.25, -12.0, -0.75], 5, 1, -0.0030002594, 0.75, 0.0059999824, [-0.78700066, -0.75, -0.784, 0.78700066, 0.75, 0.78400004], [], [], -2035462050, 19, 0, 0, "BoxWooden", 0, 0, {"ItemDrop.DropItemId": 0}, 0, 0, 0, 0, 1, 0, 0, 0, 3, 1, 0],
		[[35.25, -18.0, -0.75], 5, 1, -0.0909996, 0.32799911, 0.021000028, [-0.7579994, -0.75, -0.75, 0.7579994, 0.75, 0.75], [], [], -2000089659, 20, 0, 0, "LawnWater", 0, 0, {}, 0, 0, 0, 0, 1, 0, 0, 0, 3, 1, 0],
		[[33.75, -18.0, -0.75], 5, 1, -0.0909996, 0.32799911, 0.021000028, [-0.7579994, -0.75, -0.75, 0.7579994, 0.75, 0.75], [], [], -2145432103, 21, 0, 0, "LawnWater", 0, 0, {}, 0, 0, 0, 0, 1, 0, 0, 0, 3, 1, 0],
		[[27.75, -28.5, -0.75], 5, 1, -0.0909996, 0.32799911, 0.021000028, [-0.7580013, -0.75, -0.75, 0.7579994, 0.75, 0.75], [], [], -1442189444, 22, 0, 0, "LawnWater", 0, 0, {}, 0, 0, 0, 0, 1, 0, 0, 0, 3, 1, 0],
		[[29.25, -28.5, -0.75], 5, 1, -0.0909996, 0.32799911, 0.021000028, [-0.7580013, -0.75, -0.75, 0.7579994, 0.75, 0.75], [], [], -1314885948, 23, 0, 0, "LawnWater", 0, 0, {}, 0, 0, 0, 0, 1, 0, 0, 0, 3, 1, 0],
		[[24.75, -28.5, -0.75], 5, 1, -0.0909996, 0.32799911, 0.021000028, [-0.7580013, -0.75, -0.75, 0.7579994, 0.75, 0.75], [], [], -2054636165, 24, 0, 0, "LawnWater", 0, 0, {}, 0, 0, 0, 0, 1, 0, 0, 0, 3, 1, 0],
		[[23.25, -28.5, -0.75], 5, 1, -0.0909996, 0.32799911, 0.021000028, [-0.7580013, -0.75, -0.75, 0.7579994, 0.75, 0.75], [], [], -1031952766, 25, 0, 0, "LawnWater", 0, 0, {}, 0, 0, 0, 0, 1, 0, 0, 0, 3, 1, 0],
		[[21.75, -28.5, -0.75], 5, 1, -0.0909996, 0.32799911, 0.021000028, [-0.7580013, -0.75, -0.75, 0.7579994, 0.75, 0.75], [], [], -2065376074, 26, 0, 0, "LawnWater", 0, 0, {}, 0, 0, 0, 0, 1, 0, 0, 0, 3, 1, 0],
		[[11.25, -15.75, -0.75], 5, 1, -0.0909996, 0.32799911, 0.021000028, [-0.7580004, -0.75, -0.75, 0.7579994, 0.75000095, 0.75], [], [], -1908625808, 27, 0, 0, "LawnWater", 0, 0, {}, 0, 0, 0, 0, 1, 0, 0, 0, 3, 1, 0],
		[[9.75, -15.75, -0.75], 5, 1, -0.0909996, 0.32799911, 0.021000028, [-0.7580004, -0.75, -0.75, 0.7579994, 0.75000095, 0.75], [], [], -2085726343, 28, 0, 0, "LawnWater", 0, 0, {}, 0, 0, 0, 0, 1, 0, 0, 0, 3, 1, 0],
		[[3.75, -25.5, -0.75], 5, 1, -0.09100008, 0.32799911, 0.021000028, [-0.7579999, -0.75, -0.75, 0.7579999, 0.75, 0.75], [], [], -1525449641, 29, 0, 0, "LawnWater", 0, 0, {}, 0, 0, 0, 0, 1, 0, 0, 0, 3, 1, 0],
		[[6.75, -25.5, -0.75], 5, 1, -0.09100008, 0.32799911, 0.021000028, [-0.7579999, -0.75, -0.75, 0.7579999, 0.75, 0.75], [], [], -20620223, 30, 0, 0, "LawnWater", 0, 0, {}, 0, 0, 0, 0, 1, 0, 0, 0, 3, 1, 0],
		[[9.75, -28.5, -0.75], 2, 1, 0.0, 0.0, -0.14400005, [-0.75, -0.75, -0.75, 0.75, 0.75, 0.75000006], [], [4, "", "", false, true, "S101"], -2097119025, 31, 0, 0, "DarkBrume", 0, 0, {}, 0, 0, 0, 0, 1, 0, 0, 0, 3, 1, 0],
		[[30.75, -0.75, -0.75], 0, 1, 0.0, 0.0, 0.0, [-0.75, -0.75, -0.75, 0.75, 0.75, 0.75], [], [0, 0, false, 1.0], -321026234, 32, 0, 0, "TagLightActor", 0, 0, {}, 0, 0, 0, 0, 1, 0, 0, 0, 3, 1, 0],
		[[33.0, -19.5, -0.75], 0, 1, 0.0, 0.0, 0.0, [-0.75, -0.75, -0.75, 0.75, 0.75, 0.75], [], [1, 1, false, 1.0], -996107312, 33, 0, 0, "TagLightActor", 0, 0, {}, 0, 0, 0, 0, 1, 0, 0, 0, 3, 1, 0],
		[[20.25, -10.5, -0.75], 0, 1, 0.0, 0.0, 0.0, [-0.75, -0.75, -0.75, 0.75, 0.75, 0.75], [], [2, 2, false, 1.0], -1694361326, 34, 0, 0, "TagLightActor", 0, 0, {}, 0, 0, 0, 0, 1, 0, 0, 0, 3, 1, 0],
		[[9.75, -10.5, -0.75], 0, 1, 0.0, 0.0, 0.0, [-0.75, -0.75, -0.75, 0.75, 0.75, 0.75], [], [3, 3, false, 1.0], -1839462743, 35, 0, 0, "TagLightActor", 0, 0, {}, 0, 0, 0, 0, 1, 0, 0, 0, 3, 1, 0],
		[[23.625, -3.0, -0.75], 0, 1, 0.0, 0.0, 0.0, [-0.75, -0.75, -0.75, 0.75, 0.75, 0.75], [], [4, 4, false, 1.0], -1119172488, 36, 0, 0, "TagLightActor", 0, 0, {}, 0, 0, 0, 0, 1, 0, 0, 0, 3, 1, 0],
