{
	"actors": [
		[[0.75, 0.0, 6.0], 1, 1, 0.0, 0.75, -0.14299965, [-3.75, -3.75, -3.7500005, 3.75, 3.75, 3.75], [], ["GerudoHouse001_001", "AreaStartCommon:WalkIn", null, "", 0.0, 0.0], -1467496601, 0, 0, 0, "TagAreaStart", 0, 0, 0, 0, 0, 0, 0, 0, 0, 0, 0, 0, 3, 1, 0],
		[[0.75, 0.0, 0.75], 2, 1, 0.0, 1.184, 0.33599997, [-6.818, -1.934, -5.654, 6.818, 1.934, 5.654], [], ["GerudoHouse00_Effect_00"], -598007081, 1, 0, 0, "TagTailorPlayer", 0, 0, 0, 0, 0, 0, 0, 0, 0, 0, 0, 0, 3, 1, 0],
		[[0.75, 0.0, 0.75], 2, 1, 0.0, 1.184, 0.33599997, [-9.818, -4.934, -8.653999, 9.818, 4.934, 8.653999], [], ["GerudoHouse00", "", "", 0, 1], -1580854678, 2, 0, 0, "MapStatic", 0, 0, 0, 1, 0, 0, 0, 0, 0, 0, 0, 0, 3, 1, 0],
		[[1.5, 0.0, -3.0], 2, 1, 0.0, 0.62, 0.0, [-0.75, -0.75, -0.75, 0.75, 0.75, 0.75], [], [], -743384568, 3, 0, 0, "PotGerudo", 0, 0, 1, 0, 0, 0, 0, 0, 0, 0, 0, 0, 3, 1, 0],
		[[3.0, 0.0, -3.0], 2, 1, 0.0, 0.62, 0.0, [-0.75, -0.75, -0.75, 0.75, 0.75, 0.75], [], [], -888855231, 4, 0, 0, "PotGerudo", 0, 0, 1, 0, 0, 0, 0, 0, 0, 0, 0, 0, 3, 1, 0],
		[[0.75, 0.75, 6.0], 2, 2, 0.0, 0.0, 0.15899992, [-1.5, -0.75, -0.75, 1.5, 0.75, 0.75], [], ["Field", "Wildernesst004_001", "AreaExitCommon:WalkOut", 0, "", null, 0], -1974605402, 5, 0, 0, "SensorLevelOpen", 0, 0, 1, 0, 0, 0, 0, 0, 0, 0, 0, 0, 3, 1, 0],
		[[0.75, 2.25, 0.75], 1, 1, 0.0, 0.0, 0.0, [-7.0, -7.0, -7.0, 7.0, 7.0, 7.0], [], [-1846650093, 7.0, 0.5, 0.01], -1846650093, 6, 0, 0, "TagLightProbe", 0, 0, 1, 0, 0, 0, 0, 0, 0, 0, 0, 0, 3, 1, 0],
		[[-3.25, 1.1, -1.25], 2, 1, 0.0, 0.834, -0.016000032, [-0.842, -0.966, -0.75, 0.842, 0.9660001, 0.75000006], [], [], -749475619, 7, 0, 0, "Gerudo002", 1, 0, 1, 0, 0, 0, 0, 0, 0, 0, 0, 0, 3, 1, 0],
		[[0.75, 0.0, 6.0], 0, 1, 0.0, 0.0, 0.0, [-0.5, -0.5, -0.5, 0.5, 0.5, 0.5], [], [0, 0, false, 1.0], -1747532719, 8, 0, 0, "TagLightActor", 0, 0, 1, 0, 0, 0, 0, 0, 0, 0, 0, 0, 3, 1, 0],
		[[0.75, 0.0, 0.75], 0, 1, 0.0, 0.0, 0.0, [-0.5, -0.5, -0.5, 0.5, 0.5, 0.5], [], [1, 1, false, 1.0], -1919102731, 9, 0, 0, "TagLightActor", 0, 0, 1, 0, 0, 0, 0, 0, 0, 0, 0, 0, 3, 1, 0]
	],
	"empty1": [
	],
	"unk2": [
	],
	"unk3": [
		2,
		0,
		6,
		1,
		8,
		9,
		3,
		4,
		5,
		7
	],
	"unk4": [
		"07 00 01 00 00 00 00 00 14 02 8A 21 00 00 00 00 00 00 00 00 00 00 00 00"
	],
	"unk5": [
		"00 00 01 00 00 00 00 00 00 00 00 00"
	],
	"unk6": [
		"00 00"
	],
	"unk7": [
		[-6.0, -1.5, -4.25, 0.0, 7.5, 7.5, 6.75, 0.0, 0, 0, 0, 10, -1, 0, 0, 0]
	],
	"unk8": [
	],
	"unk9": [
	],
	"unk10": [
	],
	"unk11": [
	],
	"unk12": [
		[-16.0, -11.5, -14.5, 0.0, 17.5, 17.5, 16.0, 0.0, 7.5, -1.5, 9, 0, 4, 0]
	],
	"unk13": [
	],
	"unk14": [
		"00 00 30 41 FD 98 7E 3F 64 D0 74 3F 00 00 00 00 00 00 00 00 00 00 00 00 00 00 00 00 00 00 00 00 FF F2 E5 FF 00 00 F0 41 02 00 00 00 00 00 00 00",
		"00 00 50 41 C9 03 68 3F F3 04 35 3F 00 00 00 00 00 00 00 00 00 00 00 00 00 00 00 00 00 00 00 00 FF BE 7E FF 00 00 60 40 02 00 00 00 00 00 00 00"
	],
	"unk15": [
		"00 00 00 00 00 00 C0 40 00 00 60 40 00 00 00 00 5F 60 AD 32 24 13 63 BF 52 6A EC 3E C9 86 26 33",
		"00 00 00 00 00 00 E0 40 00 00 58 C0 00 00 00 00 2C BD BB 32 FD FF FF BE D8 B3 5D 3F 34 96 22 33"
	],
	"unk16": [
	],
	"unk17": [
	],
	"unk18": [
	],
	"unk19": [
	],
	"unk20": [
	],
	"unk21": [
	],
	"unk22": [
		[-6.0, -4.5],
		[-6.0, 6.0],
		[7.5, 6.0],
		[7.5, -4.5]
	],
	"empty23": [
	],
	"unk24": [
		[0.0, 0.0, 0.0, 1.0],
		[0.0, -1.0, 0.0, 4.371139e-08],
		[0.0, 0.0, 0.0, -1.0]
	],
	"unk25": [
		[0.0, 0.0, 0.0, 0.0],
		[1.0, 1.0, 1.0, 0.0],
		[3.0, 1.5, 1.1, 0.0]
	],
	"actorParams": [
		"GerudoHouse001_001",
		"AreaStartCommon:WalkIn",
		null,
		"",
		0.0,
		"GerudoHouse00_Effect_00",
		"GerudoHouse00",
		0,
		1,
		"Field",
		"Wildernesst004_001",
		"AreaExitCommon:WalkOut",
		-1846650093,
		7.0,
		0.5,
		0.01,
		false,
		1.0
	],
	"unk27": [
	],
	"empty28": [
	],
	"unk29": [
		"04 00"
	],
	"stringOffsets": [
		0,
		19,
		42,
		43,
		67,
		80,
		94,
		100,
		119,
		142
	],
	"strings": [
		"GerudoHouse001_001",
		"AreaStartCommon:WalkIn",
		"",
		"GerudoHouse00_Effect_00",
		"RoomEdge_2x2",
		"GerudoHouse00",
		"Field",
		"Wildernesst004_001",
		"AreaExitCommon:WalkOut",
		"GerudoHouse001"
	]
}
