{
	"actors": [
		[[0.75, 0.0, 3.75], 1, 1, 0.0, 0.75, -0.14300013, [-3.75, -3.75, -3.7499998, 3.75, 3.75, 3.75], [], ["S065_R001_Start", "AreaStartCommon:WalkIn", null, ""], -371751718, 0, 0, 0, "TagAreaStart", 0, 0, 0, 0, 0, 0, 0, 0, 0, 0, 0, 0, 3, 1, 0],
		[[0.0, 0.0, 0.0], 2, 1, 0.78049994, 6.8145, -5.3885, [-7.0445, -8.3145, -9.8405, 7.0445, 8.3145, 9.8405], [], ["S_Dungeon065_001_Effect_00"], -260686536, 1, 0, 0, "TagTailorPlayer", 0, 0, 0, 0, 0, 0, 0, 0, 0, 0, 0, 0, 3, 1, 0],
		[[0.0, 0.0, 0.0], 2, 1, 0.78049994, 6.8145, -5.3885, [-10.0445, -11.3145, -12.8405, 10.0445, 11.3145, 12.8405], [], ["S_Dungeon065_001", "", "", 0, 1], -1752858077, 2, 0, 0, "MapStatic", 0, 0, 0, 1, 0, 0, 0, 0, 0, 0, 0, 0, 3, 1, 0],
		[[0.75, 0.75, 3.75], 2, 2, 0.0, 0.0, 0.15899992, [-0.75, -0.75, -0.75, 0.75, 0.75, 0.75], [], ["Field", "Field_HyrulePlains_016", "AreaExitCommon:WalkOut", 0, "", null, 0], -1363484040, 3, 0, 0, "SensorLevelOpen", 0, 0, 1, 0, 0, 0, 0, 0, 0, 0, 0, 0, 3, 1, 0],
		[[0.75, 12.0, -12.75], 2, 1, 0.0, 0.57299995, 0.07400036, [-0.75, -0.75, -0.75, 0.75, 0.75, 0.75], [[1, 2], ["S065_TreasureBoxOpen", 1]], ["Switch0", 16, 0, 0, "", "", 1, false], -1077342555, 4, 0, 0, "TreasureBox", 0, 0, 1, 0, 0, 0, 0, 0, 0, 0, 0, 0, 3, 1, 0],
		[[0.75, 6.0, -8.25], 2, 1, -0.00050002337, 0.30200005, 0.04450035, [-0.77849996, -0.75, -0.86450005, 0.7785, 0.75, 0.86449957], [], [0], -929627155, 5, 0, 0, "Walltula", 0, 0, 1, 0, 0, 0, 0, 0, 0, 0, 0, 0, 3, 1, 0],
		[[-2.25, 6.0, -6.75], 2, 1, 0.0, 0.5, 0.0, [-0.75, -0.75, -0.75, 0.75, 0.75, 0.75], [], [], -1225175880, 6, 0, 0, "ItemRupeeRed", 0, 0, 1, 0, 0, 0, 0, 0, 0, 0, 0, 0, 3, 1, 0],
		[[0.75, 0.0, 3.75], 0, 1, 0.0, 0.0, 0.0, [-0.5, -0.5, -0.5, 0.5, 0.5, 0.5], [], [0, 0, false, 1.0], -1366366040, 7, 0, 0, "TagLightActor", 0, 0, 1, 0, 0, 0, 0, 0, 0, 0, 0, 0, 3, 1, 0],
		[[0.75, 0.0, -1.5], 0, 1, 0.0, 0.0, 0.0, [-0.5, -0.5, -0.5, 0.5, 0.5, 0.5], [], [1, 1, false, 1.0], -1941752937, 8, 0, 0, "TagLightActor", 0, 0, 1, 0, 0, 0, 0, 0, 0, 0, 0, 0, 3, 1, 0],
		[[0.75, 6.0, -6.0], 0, 1, 0.0, 0.0, 0.0, [-0.5, -0.5, -0.5, 0.5, 0.5, 0.5], [], [2, 2, false, 1.0], -750448084, 9, 0, 0, "TagLightActor", 0, 0, 1, 0, 0, 0, 0, 0, 0, 0, 0, 0, 3, 1, 0],
		[[0.75, 12.0, -9.0], 0, 1, 0.0, 0.0, 0.0, [-0.5, -0.5, -0.5, 0.5, 0.5, 0.5], [], [3, 3, false, 1.0], -951758554, 10, 0, 0, "TagLightActor", 0, 0, 1, 0, 0, 0, 0, 0, 0, 0, 0, 0, 3, 1, 0]
	],
	"empty1": [
	],
	"unk2": [
	],
	"unk3": [
		2,
		0,
		1,
		7,
		8,
		3,
		9,
		5,
		6,
		10,
		4
	],
	"unk4": [
		"07 00 01 00 00 00 00 00 14 02 8A 21 00 00 00 00 00 00 00 00 00 00 00 00"
	],
	"unk5": [
		"00 00 01 00 00 00 00 00 00 00 00 00"
	],
	"unk6": [
		"00 00"
	],
	"unk7": [
		[-6.0, -1.5, -15.0, 0.0, 7.5, 15.0, 4.5, 0.0, 0, 0, 0, 11, -1, 0, 0, 0]
	],
	"unk8": [
	],
	"unk9": [
	],
	"unk10": [
	],
	"unk11": [
	],
	"unk12": [
		[-16.0, -11.5, -25.0, 0.0, 17.5, 25.0, 14.5, 0.0, 15.0, -1.5, 11, 0, 4, 0]
	],
	"unk13": [
	],
	"unk14": [
		"00 00 20 41 00 00 80 3F 64 D0 74 3F 00 00 00 00 00 00 00 00 00 00 00 00 00 00 00 00 00 00 00 00 FF F2 E5 FF 00 00 A0 41 02 00 00 00 00 00 00 00",
		"00 00 F0 41 A2 BC 79 3F B2 8F 70 3F 00 00 00 00 00 00 00 00 00 00 00 00 00 00 00 00 00 00 00 00 FF D1 A4 FF 00 00 E0 41 02 00 00 00 00 00 00 00",
		"00 00 A8 41 E2 67 7A 3F F4 50 71 3F 00 00 00 00 00 00 00 00 00 00 00 00 00 00 00 00 00 00 00 00 FF D1 A4 FF 00 00 E0 41 02 00 00 00 00 00 00 00",
		"66 66 3E 41 C0 C9 6F 3F D6 36 52 3F 00 00 00 00 00 00 00 00 00 00 00 00 00 00 00 00 00 00 00 00 FF D1 A4 FF 00 00 60 41 02 00 00 00 00 00 00 00"
	],
	"unk15": [
		"00 00 00 00 00 00 C0 40 00 00 60 40 00 00 00 00 13 AF 9E 32 C9 03 68 BF 6F 61 D8 3E 38 26 2A 33",
		"00 00 00 00 00 00 A8 41 00 00 40 C0 00 00 00 00 45 5A F1 32 BC 8D 24 BF 7C 1B 44 3F FF D0 0F 33",
		"00 00 00 00 00 00 90 41 00 00 C0 BF 00 00 00 00 45 5A F1 32 BC 8D 24 BF 7C 1B 44 3F FF D0 0F 33",
		"00 00 00 00 00 00 1C 41 00 00 10 C0 00 00 00 00 45 5A F1 32 BC 8D 24 BF 7C 1B 44 3F FF D0 0F 33"
	],
	"unk16": [
	],
	"unk17": [
	],
	"unk18": [
	],
	"unk19": [
	],
	"unk20": [
	],
	"unk21": [
	],
	"unk22": [
		[-6.0, -15.0],
		[7.5, -15.0],
		[7.5, 4.5],
		[-6.0, 4.5]
	],
	"empty23": [
	],
	"unk24": [
		[0.0, 0.0, 0.0, 1.0],
		[0.0, -1.0, 0.0, 4.371139e-08],
		[0.0, 0.0, 0.0, -1.0]
	],
	"unk25": [
		[0.0, 0.0, 0.0, 0.0],
		[1.0, 1.0, 1.0, 0.0],
		[1.5, 1.5, 1.1, 0.0]
	],
	"actorParams": [
		"S065_R001_Start",
		"AreaStartCommon:WalkIn",
		null,
		"",
		"S_Dungeon065_001_Effect_00",
		"S_Dungeon065_001",
		0,
		1,
		"Field",
		"Field_HyrulePlains_016",
		"AreaExitCommon:WalkOut",
		"Switch0",
		16,
		false,
		"S065_TreasureBoxOpen",
		1.0,
		2,
		3
	],
	"unk27": [
	],
	"empty28": [
	],
	"unk29": [
		"04 00"
	],
	"stringOffsets": [
		0,
		16,
		39,
		40,
		67,
		80,
		97,
		103,
		126,
		149,
		157,
		178
	],
	"strings": [
		"S065_R001_Start",
		"AreaStartCommon:WalkIn",
		"",
		"S_Dungeon065_001_Effect_00",
		"RoomEdge_1x1",
		"S_Dungeon065_001",
		"Field",
		"Field_HyrulePlains_016",
		"AreaExitCommon:WalkOut",
		"Switch0",
		"S065_TreasureBoxOpen",
		"SDungeon065_Top"
	]
}
