{
	"actors": [
		[[0.0, 0.75, 4.875], 1, 1, 0.0, 0.75, -0.14299965, [-3.75, -3.75, -3.7500002, 3.75, 3.75, 3.75], [], ["SeasideHouse001_001", "AreaStartCommon:WalkIn", null, ""], -1046813145, 0, 0, 0, "TagAreaStart", 0, 0, {}, 0, 0, 0, 0, 0, 0, 0, 0, 3, 1, 0],
		[[0.0, 0.0, 0.0], 2, 1, 0.48049998, 2.921, 0.46550012, [-6.5605, -3.421, -4.7845, 6.5605, 3.421, 4.7845], [], ["SeasideHouse00_Effect_00"], -1591370497, 1, 0, 0, "TagTailorPlayer", 0, 0, {}, 0, 0, 0, 0, 0, 0, 0, 0, 3, 1, 0],
		[[0.0, 2.25, 0.75], 1, 1, 0.0, 0.0, 0.0, [-9.0, -9.0, -9.0, 9.0, 9.0, 9.0], [], [-579498728, 9.0, 0.5, 0.2], -579498728, 2, 0, 0, "TagLightProbe", 0, 0, {}, 0, 0, 0, 0, 0, 0, 0, 0, 3, 1, 0],
		[[0.0, 0.0, 0.0], 2, 1, 0.48050022, 3.055, 0.46550012, [-9.5605, -6.2869997, -7.7845, 9.5605, 6.2869997, 7.7845], [], ["SeasideHouse00", "", "", 0, 1], -1644358649, 3, 0, 0, "MapStatic", 0, 0, {"$BakedFixtureList": ["RoomEdge_2x2"]}, 0, 0, 0, 0, 0, 0, 0, 0, 3, 1, 0],
		[[0.0, 1.5, 4.875], 2, 2, 0.0, 0.0, 0.15899992, [-1.5, -0.75, -0.75, 1.5, 0.75, 0.75], [], ["Field", "Coast_001_003", "AreaExitCommon:WalkOut", 0, "", null, 0], -2064684696, 4, 0, 0, "SensorLevelOpen", 0, 0, {}, 0, 0, 0, 0, 0, 0, 0, 0, 3, 1, 0],
		[[-1.5, 0.0, -0.75], 3, 1, 0.011000037, 0.647, 0.021999955, [-0.8019999, -0.764, -0.75, 0.802, 0.764, 0.75000006], [], [], -1381783968, 5, 0, 0, "HylianM029", 0, 0, {"3699003335": 10}, 0, 0, 0, 0, 0, 0, 0, 0, 3, 1, 0],
		[[0.0, 0.75, 4.5], 0, 1, 0.0, 0.0, 0.0, [-0.5, -0.5, -0.5, 0.5, 0.5, 0.5], [], [0, 0, false, 1.0], -1681223699, 6, 0, 0, "TagLightActor", 0, 0, {}, 0, 0, 0, 0, 0, 0, 0, 0, 3, 1, 0],
		[[0.0, 0.0, 0.75], 0, 1, 0.0, 0.0, 0.0, [-0.5, -0.5, -0.5, 0.5, 0.5, 0.5], [], [1, 1, false, 1.0], -836961325, 7, 0, 0, "TagLightActor", 0, 0, {}, 0, 0, 0, 0, 0, 0, 0, 0, 3, 1, 0]
	],
	"empty1": [
	],
	"unk2": [
	],
	"unk3": [
		3,
		0,
		2,
		1,
		7,
		5,
		6,
		4
	],
	"actorFieldValues": [
		[7, 1, ["RoomEdge_2x2"], "$BakedFixtureList", 0, 0, 0],
		[2, 0, 10, 3699003335, 0, 0, 0]
	],
	"unk5": [
		"00 00 01 00 00 00 00 00 00 00 00 00"
	],
	"unk6": [
		"00 00"
	],
	"unk7": [
		[-6.0, -0.5, -5.0, 0.0, 6.0, 8.5, 5.0, 0.0, 0, 0, 0, 8, -1, 0, 0, 0]
	],
	"unk8": [
	],
	"unk9": [
	],
	"unk10": [
	],
	"unk11": [
	],
	"unk12": [
		[-16.0, -10.5, -14.5, 0.0, 16.0, 18.5, 15.25, 0.0, 8.5, -0.5, 9, 0, 4, 0]
	],
	"unk13": [
	],
	"unk14": [
		"00 00 30 41 FD 98 7E 3F 64 D0 74 3F 00 00 00 00 00 00 00 00 00 00 00 00 00 00 00 00 00 00 00 00 FF F2 E5 FF 00 00 F0 41 02 00 00 00 00 00 00 00",
		"00 00 50 41 EA 46 77 3F 4B 30 31 3F 00 00 00 00 00 00 00 00 00 00 00 00 00 00 00 00 00 00 00 00 FF F2 E5 FF 00 00 60 40 02 00 00 00 00 00 00 00"
	],
	"unk15": [
		"00 00 00 00 00 00 C0 40 00 00 60 40 00 00 00 00 5F 60 AD 32 24 13 63 BF 52 6A EC 3E C9 86 26 33",
		"00 00 00 00 00 00 E0 40 00 00 40 C0 00 00 00 00 2C BD BB 32 FD FF FF BE D8 B3 5D 3F 34 96 22 33"
	],
	"unk16": [
	],
	"unk17": [
	],
	"unk18": [
	],
	"unk19": [
	],
	"unk20": [
	],
	"unk21": [
	],
	"unk22": [
		[-6.0, -4.5],
		[-6.0, 5.25],
		[6.0, 5.25],
		[6.0, -4.5]
	],
	"empty23": [
	],
	"unk24": [
		[0.0, 0.0, 0.0, 1.0],
		[0.0, -1.0, 0.0, 4.371139e-08],
		[0.0, 0.0, 0.0, -1.0],
		[0.0, -0.22851948, 0.0, -0.97353935]
	],
	"unk25": [
		[0.0, 0.0, 0.0, 0.0],
		[1.0, 1.0, 1.0, 0.0],
		[3.0, 1.5, 1.1, 0.0]
	],
	"actorParams": [
		"SeasideHouse001_001",
		"AreaStartCommon:WalkIn",
		null,
		"",
		"SeasideHouse00_Effect_00",
		-579498728,
		9.0,
		0.5,
		0.2,
		"SeasideHouse00",
		0,
		1,
		"Field",
		"Coast_001_003",
		"AreaExitCommon:WalkOut",
		false,
		1.0
	],
	"floatValues": [
	],
	"empty28": [
	],
	"stringValues": [
		"RoomEdge_2x2"
	],
	"stringOffsets": [
		0,
		20,
		43,
		44,
		69,
		82,
		97,
		103,
		117,
		140
	],
	"strings": [
		"SeasideHouse001_001",
		"AreaStartCommon:WalkIn",
		"",
		"SeasideHouse00_Effect_00",
		"RoomEdge_2x2",
		"SeasideHouse00",
		"Field",
		"Coast_001_003",
		"AreaExitCommon:WalkOut",
		"SeasideHouse001"
	]
}
