{
	"actors": [
		[[0.75, 0.75, 4.875], 1, 1, 0.0, 0.75, -0.14299965, [-3.75, -3.75, -3.7500002, 3.75, 3.75, 3.75], [], ["SeasideHouse003_001", "AreaStartCommon:WalkIn", null, ""], -1592768820, 0, 0, 0, "TagAreaStart", 0, 0, {}, 0, 0, 0, 0, 0, 0, 0, 0, 3, 1, 0],
		[[0.0, 0.0, 0.37], 2, 1, -0.14300013, 0.75, -1.1920929e-07, [-3.75, -3.75, -3.75, 3.75, 3.75, 3.75], [], ["EV_House_LostShip_River010_Clear", "SeasideHouse003:Quest_4", null, ""], -177977216, 1, 0, 0, "TagAreaStart", 0, 0, {}, 0, 1, 0, 0, 0, 0, 0, 0, 3, 1, 0],
		[[0.75, 0.0, 0.0], 3, 1, 0.48049998, 1.3510001, 0.46550012, [-6.5605, -4.351, -4.7845, 6.5605, 4.351, 4.7845], [], ["SeasideHouse02_Effect_00"], -946424813, 2, 0, 0, "TagTailorPlayer", 0, 0, {}, 0, 0, 0, 0, 0, 0, 0, 0, 3, 1, 0],
		[[0.75, 2.25, 0.75], 1, 1, 0.0, 0.0, 0.0, [-9.0, -9.0, -9.0, 9.0, 9.0, 9.0], [], [-2110623430, 9.0, 0.5, 0.2], -2110623430, 3, 0, 0, "TagLightProbe", 0, 0, {}, 0, 0, 0, 0, 0, 0, 0, 0, 3, 1, 0],
		[[0.75, 0.0, 0.0], 3, 1, 0.48050022, 1.3509998, 0.46550012, [-9.5605, -7.351, -7.7845, 9.5605, 7.351, 7.7845], [], ["SeasideHouse02", "", "", 0, 1], -851565619, 4, 0, 0, "MapStatic", 0, 0, {"$BakedFixtureList": ["RoomEdge_2x2"]}, 0, 0, 0, 0, 0, 0, 0, 0, 3, 1, 0],
		[[3.0, -4.5, 0.0], 3, 2, 0.0, 1.75, 0.0, [-4.5, -4.75, -4.5, 4.5, 4.75, 4.5], [], [], -1244997217, 5, 0, 0, "MapPond", 0, 0, {}, 0, 0, 0, 0, 0, 0, 0, 0, 3, 3, 0],
		[[0.75, 1.5, 5.625], 3, 3, 0.0, 0.0, 0.3249998, [-1.5, -0.75, -1.4499998, 1.5, 0.75, 1.4500003], [], ["Field", "Coast003_005", "AreaExitCommon:WalkOut", 0, "", null, 0], -1953044650, 6, 0, 0, "SensorLevelOpen", 0, 0, {}, 0, 0, 0, 0, 0, 0, 0, 0, 3, 1, 0],
		[[-2.0, 0.0, 0.37], 4, 1, -0.03999996, 0.7595, 0.0, [-0.75, -0.8335, -0.803, 0.75, 0.8335, 0.803], [], [], -230587080, 7, 0, 0, "ZoraRiver008", 0, 0, {"3699003335": 20}, 0, 0, 0, 0, 0, 0, 0, 1, 3, 1, 0],
		[[0.75, 0.0, 0.0], 0, 1, 0.0, 0.0, 0.0, [-0.5, -0.5, -0.5, 0.5, 0.5, 0.5], [], [0, 0, false, 1.0], -172483902, 8, 0, 0, "TagLightActor", 0, 0, {}, 0, 0, 0, 0, 0, 0, 0, 0, 3, 1, 0],
		[[0.75, 0.75, 4.5], 0, 1, 0.0, 0.0, 0.0, [-0.5, -0.5, -0.5, 0.5, 0.5, 0.5], [], [1, 1, false, 1.0], -550646851, 9, 0, 0, "TagLightActor", 0, 0, {}, 0, 0, 0, 0, 0, 0, 0, 0, 3, 1, 0]
	],
	"empty1": [
	],
	"unk2": [
		"TagAreaStart"
	],
	"unk3": [
		4,
		5,
		0,
		1,
		7,
		3,
		2,
		8,
		9,
		6
	],
	"actorFieldValues": [
		[7, 1, ["RoomEdge_2x2"], "$BakedFixtureList", 0, 0, 0],
		[2, 0, 20, 3699003335, 0, 0, 0]
	],
	"unk5": [
		"00 00 01 00 00 00 00 00 00 00 00 00"
	],
	"unk6": [
		"00 00",
		"01 00"
	],
	"unk7": [
		[-5.25, -6.0, -4.25, 0.0, 6.75, 7.5, 5.75, 0.0, 0, 0, 0, 10, -1, 0, 0, 0]
	],
	"unk8": [
	],
	"unk9": [
	],
	"unk10": [
		[2, 2, 7]
	],
	"unk11": [
	],
	"unk12": [
		[-14.5, -16.0, -13.75, 0.0, 16.0, 17.5, 15.25, 0.0, 7.5, -6.0, 11, 0, 4, 0]
	],
	"unk13": [
	],
	"unk14": [
		"00 00 50 41 EA 46 77 3F BB 8D 24 3F 00 00 00 00 00 00 00 00 00 00 00 00 00 00 00 00 00 00 00 00 FF F2 E5 FF 00 00 60 40 02 00 00 00 00 00 00 00",
		"00 00 30 41 2F A6 7F 3F 4D 65 78 3F 00 00 00 00 00 00 00 00 00 00 00 00 00 00 00 00 00 00 00 00 FF F2 E5 FF 00 00 F0 41 02 00 00 00 00 00 00 00"
	],
	"unk15": [
		"00 00 00 00 00 00 E0 40 00 00 40 C0 00 00 00 00 2C BD BB 32 FD FF FF BE D8 B3 5D 3F 34 96 22 33",
		"00 00 00 00 00 00 C0 40 00 00 60 40 00 00 00 00 5F 60 AD 32 24 13 63 BF 52 6A EC 3E C9 86 26 33"
	],
	"unk16": [
	],
	"unk17": [
	],
	"unk18": [
	],
	"unk19": [
	],
	"unk20": [
	],
	"unk21": [
	],
	"unk22": [
		[-4.5, -3.75],
		[-4.5, 5.25],
		[6.0, 5.25],
		[6.0, -3.75]
	],
	"empty23": [
	],
	"unk24": [
		[0.0, 0.0, 0.0, 1.0],
		[0.0, -1.0, 0.0, 4.371139e-08],
		[0.0, 0.70710677, 0.0, -0.70710677],
		[0.0, 0.0, 0.0, -1.0],
		[0.0, -0.70710677, 0.0, -0.70710677]
	],
	"unk25": [
		[0.0, 0.0, 0.0, 0.0],
		[1.0, 1.0, 1.0, 0.0],
		[3.0, 3.5, 3.0, 0.0],
		[3.0, 1.5, 2.25, 0.0]
	],
	"actorParams": [
		"SeasideHouse003_001",
		"AreaStartCommon:WalkIn",
		null,
		"",
		"EV_House_LostShip_River010_Clear",
		"SeasideHouse003:Quest_4",
		"SeasideHouse02_Effect_00",
		-2110623430,
		9.0,
		0.5,
		0.2,
		"SeasideHouse02",
		0,
		1,
		"Field",
		"Coast003_005",
		"AreaExitCommon:WalkOut",
		false,
		1.0
	],
	"floatValues": [
	],
	"empty28": [
	],
	"stringValues": [
		"RoomEdge_2x2"
	],
	"stringOffsets": [
		0,
		20,
		43,
		44,
		77,
		101,
		126,
		139,
		154,
		160,
		173,
		196
	],
	"strings": [
		"SeasideHouse003_001",
		"AreaStartCommon:WalkIn",
		"",
		"EV_House_LostShip_River010_Clear",
		"SeasideHouse003:Quest_4",
		"SeasideHouse02_Effect_00",
		"RoomEdge_2x2",
		"SeasideHouse02",
		"Field",
		"Coast003_005",
		"AreaExitCommon:WalkOut",
		"SeasideHouse003"
	]
}
