{
	"actors": [
		[[0.75, 0.0, 5.25], 1, 1, 0.0, 0.75, -0.14299965, [-3.75, -3.75, -3.7500005, 3.75, 3.75, 3.75], [], ["CuccoHouse_001", "AreaStartCommon:WalkIn", null, ""], -1042767070, 0, 0, 0, "TagAreaStart", 0, 0, 0, 0, 0, 0, 0, 0, 0, 0, 0, 0, 3, 1, 0],
		[[0.75, 0.0, 0.0], 2, 1, 0.005500078, 1.525, -0.15350008, [-6.2895, -2.275, -5.4035, 6.2895, 2.275, 5.4035], [], ["CuccoHouse_Effect_00"], -1141615002, 1, 0, 0, "TagTailorPlayer", 0, 0, 0, 0, 0, 0, 0, 0, 0, 0, 0, 0, 3, 1, 0],
		[[0.75, 0.0, 0.0], 2, 1, 0.00549984, 1.5250001, -0.15350008, [-9.2895, -5.275, -8.4035, 9.2895, 5.275, 8.4035], [], ["CuccoHouse", "", "", 0, 1], -1223091026, 2, 0, 0, "MapStatic", 0, 0, 0, 1, 0, 0, 0, 0, 0, 0, 0, 0, 3, 1, 0],
		[[4.604, 0.0, 3.017], 2, 2, 0.0, 0.1875, 2.3841858e-07, [-3.875, -3.7505, -3.8750002, 3.875, 3.7505, 3.875], [], [], -1992365488, 3, 0, 0, "MapPond", 0, 0, 1, 0, 0, 0, 0, 0, 0, 0, 0, 0, 3, 3, 0],
		[[0.75, 0.75, 5.25], 2, 3, 0.0, 0.0, 0.15899992, [-1.5, -0.75, -0.75, 1.5, 0.75, 0.75], [], ["Field", "Field_HyrulePlains_004", "AreaExitCommon:WalkOut", 0, "", null, 0], -584584482, 4, 0, 0, "SensorLevelOpen", 0, 0, 1, 0, 0, 0, 0, 0, 0, 0, 0, 0, 3, 1, 0],
		[[0.75, 2.25, 0.0], 1, 1, 0.0, 0.0, 0.0, [-8.5, -8.5, -8.5, 8.5, 8.5, 8.5], [], [-593097285, 8.5, 0.5, 0.01], -593097285, 5, 0, 0, "TagLightProbe", 0, 0, 1, 0, 0, 0, 0, 0, 0, 0, 0, 0, 3, 1, 0],
		[[0.75, 0.0, 0.0], 0, 1, 0.0, 0.0, 0.0, [-0.5, -0.5, -0.5, 0.5, 0.5, 0.5], [], [0, 0, false, 1.0], -1546938453, 6, 0, 0, "TagLightActor", 0, 0, 1, 0, 0, 0, 0, 0, 0, 0, 0, 0, 3, 1, 0],
		[[0.75, 0.0, 4.5], 0, 1, 0.0, 0.0, 0.0, [-0.5, -0.5, -0.5, 0.5, 0.5, 0.5], [], [1, 1, false, 1.0], -1922132101, 7, 0, 0, "TagLightActor", 0, 0, 1, 0, 0, 0, 0, 0, 0, 0, 0, 0, 3, 1, 0]
	],
	"empty1": [
	],
	"unk2": [
	],
	"unk3": [
		2,
		3,
		0,
		5,
		1,
		6,
		7,
		4
	],
	"unk4": [
		"07 00 01 00 00 00 00 00 14 02 8A 21 00 00 00 00 00 00 00 00 00 00 00 00"
	],
	"unk5": [
		"00 00 01 00 00 00 00 00 00 00 00 00"
	],
	"unk6": [
		"00 00"
	],
	"unk7": [
		[-4.75, -0.75, -5.438, 0.0, 6.25, 6.75, 6.0, 0.0, 0, 0, 0, 8, -1, 0, 0, 0]
	],
	"unk8": [
	],
	"unk9": [
	],
	"unk10": [
	],
	"unk11": [
	],
	"unk12": [
		[-16.0, -10.75, -16.375, 0.0, 17.5, 16.75, 16.375, 0.0, 6.75, -0.75, 5, 0, 4, 0]
	],
	"unk13": [
	],
	"unk14": [
		"00 00 40 41 EC 5B 6D 3F 61 73 4C 3F 00 00 00 00 00 00 00 00 00 00 00 00 00 00 00 00 00 00 00 00 FF F2 E5 FF 00 00 00 41 02 00 00 00 00 00 00 00",
		"00 00 30 41 5C 1C 7C 3F B2 8F 70 3F 00 00 00 00 00 00 00 00 00 00 00 00 00 00 00 00 00 00 00 00 FF F2 E5 FF 00 00 F0 41 02 00 00 00 00 00 00 00"
	],
	"unk15": [
		"00 00 00 00 00 00 0A 41 00 00 58 C0 00 00 00 00 2C BD BB 32 FD FF FF BE D8 B3 5D 3F 34 96 22 33",
		"00 00 00 00 00 00 C0 40 00 00 84 40 00 00 00 00 5F 60 AD 32 24 13 63 BF 52 6A EC 3E C9 86 26 33"
	],
	"unk16": [
	],
	"unk17": [
	],
	"unk18": [
	],
	"unk19": [
	],
	"unk20": [
	],
	"unk21": [
	],
	"unk22": [
		[-6.0, -6.375],
		[-6.0, 6.375],
		[7.5, 6.375],
		[7.5, -6.375]
	],
	"empty23": [
	],
	"unk24": [
		[0.0, 0.0, 0.0, 1.0],
		[0.0, -1.0, 0.0, 4.371139e-08],
		[0.0, 0.0, 0.0, -1.0]
	],
	"unk25": [
		[0.0, 0.0, 0.0, 0.0],
		[1.0, 1.0, 1.0, 0.0],
		[1.75, 0.375, 1.75, 0.0],
		[3.0, 1.5, 1.1, 0.0]
	],
	"actorParams": [
		"CuccoHouse_001",
		"AreaStartCommon:WalkIn",
		null,
		"",
		"CuccoHouse_Effect_00",
		"CuccoHouse",
		0,
		1,
		"Field",
		"Field_HyrulePlains_004",
		"AreaExitCommon:WalkOut",
		-593097285,
		8.5,
		0.5,
		0.01,
		false,
		1.0
	],
	"unk27": [
	],
	"empty28": [
	],
	"unk29": [
		"04 00"
	],
	"stringOffsets": [
		0,
		15,
		38,
		39,
		60,
		73,
		84,
		90,
		113
	],
	"strings": [
		"CuccoHouse_001",
		"AreaStartCommon:WalkIn",
		"",
		"CuccoHouse_Effect_00",
		"RoomEdge_2x2",
		"CuccoHouse",
		"Field",
		"Field_HyrulePlains_004",
		"AreaExitCommon:WalkOut"
	]
}
