{
	"actors": [
		[[0.75, 0.0, 5.25], 1, 1, 0.0, 0.75, -0.14299965, [-3.75, -3.75, -3.7500005, 3.75, 3.75, 3.75], [], ["KakarikoHouse002_001", "AreaStartCommon:WalkIn", null, ""], -215233875, 0, 0, 0, "TagAreaStart", 0, 0, 0, 0, 0, 0, 0, 0, 0, 0, 0, 0, 3, 1, 0],
		[[0.75, 0.0, 0.0], 2, 1, 0.022000074, 1.374, -0.16000009, [-6.3059998, -2.124, -5.41, 6.3059998, 2.124, 5.41], [], ["KakarikoHouse01_Effect_00"], -1749706887, 1, 0, 0, "TagTailorPlayer", 0, 0, 0, 0, 0, 0, 0, 0, 0, 0, 0, 0, 3, 1, 0],
		[[0.75, 0.0, 0.0], 2, 1, 0.021999836, 1.3740001, -0.15999985, [-9.306, -5.124, -8.41, 9.306, 5.124, 8.41], [], ["KakarikoHouse01", "", "", 0, 1], -1228004077, 2, 0, 0, "MapStatic", 0, 0, 0, 1, 0, 0, 0, 0, 0, 0, 0, 0, 3, 1, 0],
		[[5.25, 0.0, 3.75], 2, 1, 0.0, 0.62, 0.0, [-0.75, -0.75, -0.75, 0.75, 0.75, 0.75], [], [], -183620392, 3, 0, 0, "Pot", 0, 0, 1, 0, 0, 0, 0, 0, 0, 0, 0, 0, 3, 1, 0],
		[[3.75, 0.0, 3.75], 2, 1, 0.0, 0.62, 0.0, [-0.75, -0.75, -0.75, 0.75, 0.75, 0.75], [], [], -330871512, 4, 0, 0, "Pot", 0, 0, 1, 0, 0, 0, 0, 0, 0, 0, 0, 0, 3, 1, 0],
		[[0.75, 0.75, 5.25], 2, 2, 0.0, 0.0, 0.15899992, [-1.5, -0.75, -0.75, 1.5, 0.75, 0.75], [], ["Field", "Field_HyrulePlains_005", "AreaExitCommon:WalkOut", 0, "", null, 0], -1699505240, 5, 0, 0, "SensorLevelOpen", 0, 0, 1, 0, 0, 0, 0, 0, 0, 0, 0, 0, 3, 1, 0],
		[[3.44, 0.0, -3.375], 2, 1, 0.0, 0.678, 0.1400001, [-0.75, -0.79099995, -0.75, 0.75, 0.791, 0.75], [], [], -1088113928, 6, 0, 0, "HylianM021", 0, 0, 1, 0, 0, 0, 0, 0, 0, 0, 0, 1, 3, 1, 0],
		[[-3.0, 0.75, -1.35], 3, 1, 0.1400001, 0.6780001, 1.1920929e-07, [-0.75, -0.79100007, -0.75, 0.75, 0.791, 0.7499999], [], [], -833179656, 7, 0, 0, "HylianM037", 0, 0, 1, 0, 0, 1, 0, 0, 0, 0, 0, 0, 3, 1, 0],
		[[0.75, 2.25, 0.0], 1, 1, 0.0, 0.0, 0.0, [-8.0, -8.0, -8.0, 8.0, 8.0, 8.0], [], [-2078915332, 8.0, 0.5, 0.01], -2078915332, 8, 0, 0, "TagLightProbe", 0, 0, 1, 0, 0, 0, 0, 0, 0, 0, 0, 0, 3, 1, 0],
		[[0.75, 0.0, 4.5], 0, 1, 0.0, 0.0, 0.0, [-0.5, -0.5, -0.5, 0.5, 0.5, 0.5], [], [0, 0, false, 1.0], -513355576, 9, 0, 0, "TagLightActor", 0, 0, 1, 0, 0, 0, 0, 0, 0, 0, 0, 0, 3, 1, 0],
		[[0.75, 0.0, 0.0], 0, 1, 0.0, 0.0, 0.0, [-0.5, -0.5, -0.5, 0.5, 0.5, 0.5], [], [1, 1, false, 1.0], -2009994617, 10, 0, 0, "TagLightActor", 0, 0, 1, 0, 0, 0, 0, 0, 0, 0, 0, 0, 3, 1, 0]
	],
	"empty1": [
	],
	"unk2": [
		"HylianM037"
	],
	"unk3": [
		2,
		0,
		6,
		7,
		8,
		1,
		9,
		10,
		3,
		4,
		5
	],
	"unk4": [
		"07 00 01 00 00 00 00 00 14 02 8A 21 00 00 00 00 00 00 00 00 00 00 00 00"
	],
	"unk5": [
		"00 00 01 00 00 00 00 00 00 00 00 00"
	],
	"unk6": [
		"00 00"
	],
	"unk7": [
		[-4.75, -1.0, -5.438, 0.0, 6.25, 5.0, 6.0, 0.0, 0, 0, 0, 11, -1, 0, 0, 0]
	],
	"unk8": [
	],
	"unk9": [
	],
	"unk10": [
		[2, 2, 6]
	],
	"unk11": [
	],
	"unk12": [
		[-16.375, -11.0, -16.375, 0.0, 17.875, 15.0, 16.375, 0.0, 5.0, -1.0, 9, 0, 4, 0]
	],
	"unk13": [
	],
	"unk14": [
		"00 00 70 41 E2 67 7A 3F 81 0D 72 3F 00 00 00 00 00 00 00 00 00 00 00 00 00 00 00 00 00 00 00 00 FF F2 E5 FF 00 00 F0 41 02 00 00 00 00 00 00 00",
		"00 00 40 41 01 19 64 3F BD 3E 3E 3F 00 00 00 00 00 00 00 00 00 00 00 00 00 00 00 00 00 00 00 00 FF F2 E5 FF 00 00 60 40 02 00 00 00 00 00 00 00"
	],
	"unk15": [
		"00 00 00 00 00 00 C0 40 00 00 84 40 00 00 00 00 5F 60 AD 32 24 13 63 BF 52 6A EC 3E C9 86 26 33",
		"00 00 00 00 00 00 E0 40 8F C2 75 C0 00 00 00 00 2C BD BB 32 FD FF FF BE D8 B3 5D 3F 34 96 22 33"
	],
	"unk16": [
	],
	"unk17": [
	],
	"unk18": [
	],
	"unk19": [
	],
	"unk20": [
	],
	"unk21": [
	],
	"unk22": [
		[-6.375, -6.375],
		[-6.375, 6.375],
		[7.875, 6.375],
		[7.875, -6.375]
	],
	"empty23": [
	],
	"unk24": [
		[0.0, 0.0, 0.0, 1.0],
		[0.0, -1.0, 0.0, 4.371139e-08],
		[0.0, 0.0, 0.0, -1.0],
		[0.0, -0.70710677, 0.0, -0.70710677]
	],
	"unk25": [
		[0.0, 0.0, 0.0, 0.0],
		[1.0, 1.0, 1.0, 0.0],
		[3.0, 1.5, 1.1, 0.0]
	],
	"actorParams": [
		"KakarikoHouse002_001",
		"AreaStartCommon:WalkIn",
		null,
		"",
		"KakarikoHouse01_Effect_00",
		"KakarikoHouse01",
		0,
		1,
		"Field",
		"Field_HyrulePlains_005",
		"AreaExitCommon:WalkOut",
		-2078915332,
		8.0,
		0.5,
		0.01,
		false,
		1.0
	],
	"unk27": [
	],
	"empty28": [
	],
	"unk29": [
		"04 00"
	],
	"stringOffsets": [
		0,
		21,
		44,
		45,
		71,
		84,
		100,
		106,
		129,
		152
	],
	"strings": [
		"KakarikoHouse002_001",
		"AreaStartCommon:WalkIn",
		"",
		"KakarikoHouse01_Effect_00",
		"RoomEdge_2x2",
		"KakarikoHouse01",
		"Field",
		"Field_HyrulePlains_005",
		"AreaExitCommon:WalkOut",
		"KakarikoHouse002"
	]
}
