{
	"actors": [
		[[9.75, 0.0, 12.0], 1, 1, 0.0, 0.75, -0.14299965, [-3.75, -3.75, -3.75, 3.75, 3.75, 3.75], [], ["LinkHouse_001", "AreaStartCommon:WalkIn", null, "", 0.0, 0.0], -279463929, 0, 0, 0, "TagAreaStart", 0, 0, {}, 0, 0, 0, 0, 0, 0, 0, 0, 3, 1, 0],
		[[9.75, 0.0, 6.75], 2, 1, 0.013999939, 2.3355, -0.07749987, [-9.325, -6.1855, -8.3725, 9.325001, 6.1855, 8.372499], [], ["LinkHouse_001", "", "", 0, 1], -1323034060, 1, 0, 0, "MapStatic", 0, 0, {}, 0, 0, 0, 0, 0, 0, 0, 0, 3, 1, 0],
		[[9.75, 1.5, 12.0], 1, 2, 0.0, 0.0, -0.1590004, [-0.75, -0.75, -0.75, 0.75, 0.75, 0.75], [], ["Field", "F_SouthernVillage001_008", "AreaExitCommon:WalkOut", 0, "", null, 0], -593663677, 2, 0, 0, "SensorLevelOpen", 0, 0, {}, 0, 0, 0, 0, 0, 0, 0, 0, 3, 1, 0],
		[[14.25, 0.0, 10.5], 2, 1, 0.0, 0.62, 0.0, [-0.75, -0.75, -0.75, 0.75, 0.75, 0.75], [], [-1], -830788317, 3, 0, 0, "Pot", 0, 0, {}, 0, 0, 0, 0, 0, 0, 0, 0, 3, 1, 0],
		[[12.75, 2.7939677e-08, 10.5], 2, 1, 0.0, 0.62, 0.0, [-0.75, -0.75, -0.75, 0.75, 0.75, 0.75], [], [-1], -633709618, 4, 0, 0, "Pot", 0, 0, {}, 0, 0, 0, 0, 0, 0, 0, 0, 3, 1, 0],
		[[9.75, 0.0, 6.75], 2, 1, 0.013999939, 2.3355, -0.07749987, [-6.325, -3.1855001, -5.3725004, 6.325001, 3.1855, 5.3725], [], ["LinkHouse_001_Effect_00"], -402783789, 5, 0, 0, "TagTailorPlayer", 0, 0, {}, 0, 0, 0, 0, 0, 0, 0, 0, 3, 1, 0],
		[[9.75, 2.25, 6.375], 1, 1, 0.0, -2.3841858e-07, 0.0, [-8.15, -8.15, -8.15, 8.15, 8.15, 8.15], [], [-257367322, 8.15, 0.5, 0.01], -257367322, 6, 0, 0, "TagLightProbe", 0, 0, {}, 0, 0, 0, 0, 0, 0, 0, 0, 3, 1, 0],
		[[9.75, 0.0, 11.25], 0, 1, 0.0, 0.0, 0.0, [-0.5, -0.5, -0.5, 0.5, 0.5, 0.5], [], [0, 0, false, 1.0], -213259022, 7, 0, 0, "TagLightActor", 0, 0, {}, 0, 0, 0, 0, 0, 0, 0, 0, 3, 1, 0],
		[[9.75, 0.0, 7.125], 0, 1, 0.0, 0.0, 0.0, [-0.5, -0.5, -0.5, 0.5, 0.5, 0.5], [], [1, 1, false, 1.0], -1563203411, 8, 0, 0, "TagLightActor", 0, 0, {}, 0, 0, 0, 0, 0, 0, 0, 0, 3, 1, 0]
	],
	"empty1": [
	],
	"unk2": [
	],
	"unk3": [
		1,
		0,
		6,
		5,
		7,
		8,
		3,
		4,
		2
	],
	"actorFieldValues": [
	],
	"unk5": [
		"00 00 01 00 00 00 00 00 00 00 00 00"
	],
	"unk6": [
		"00 00"
	],
	"unk7": [
		[3.5, -1.5, 0.75, 0.0, 16.0, 7.5, 12.75, 0.0, 0, 0, 0, 9, -1, 0, 0, 0]
	],
	"unk8": [
	],
	"unk9": [
	],
	"unk10": [
	],
	"unk11": [
	],
	"unk12": [
		[-6.25, -11.5, -9.25, 0.0, 25.75, 17.5, 22.75, 0.0, 7.5, -1.5, 7, 0, 4, 0]
	],
	"unk13": [
	],
	"unk14": [
		"3D 0A 13 41 13 B1 7D 3F B9 B6 70 3F 00 00 00 00 00 00 00 00 00 00 00 00 00 00 00 00 00 00 00 00 FF F2 E5 FF 00 00 F0 41 02 00 00 00 00 00 00 00",
		"00 00 40 41 4D 65 78 3F C3 62 46 3F 00 00 00 00 00 00 00 00 00 00 00 00 00 00 00 00 00 00 00 00 FF F2 E5 FF 00 00 60 40 02 00 00 00 00 00 00 00"
	],
	"unk15": [
		"00 00 00 00 00 00 90 40 48 E1 82 40 00 00 00 00 13 AF 9E 32 C9 03 68 BF 6F 61 D8 3E 38 26 2A 33",
		"00 00 00 00 00 00 E0 40 A4 70 5D C0 00 00 00 00 2C BD BB 32 FD FF FF BE D8 B3 5D 3F 34 96 22 33"
	],
	"unk16": [
	],
	"unk17": [
	],
	"unk18": [
	],
	"unk19": [
	],
	"unk20": [
	],
	"unk21": [
	],
	"unk22": [
		[3.75, 0.75],
		[3.75, 12.75],
		[15.75, 12.75],
		[15.75, 0.75]
	],
	"empty23": [
	],
	"unk24": [
		[0.0, 0.0, 0.0, 1.0],
		[0.0, -1.0, 0.0, 4.371139e-08],
		[0.0, 0.0, 0.0, -1.0]
	],
	"unk25": [
		[0.0, 0.0, 0.0, 0.0],
		[1.0, 1.0, 1.0, 0.0],
		[1.5, 1.5, 1.1, 0.0]
	],
	"actorParams": [
		"LinkHouse_001",
		"AreaStartCommon:WalkIn",
		null,
		"",
		0.0,
		0,
		1,
		"Field",
		"F_SouthernVillage001_008",
		"AreaExitCommon:WalkOut",
		-1,
		"LinkHouse_001_Effect_00",
		-257367322,
		8.15,
		0.5,
		0.01,
		false,
		1.0
	],
	"floatValues": [
	],
	"empty28": [
	],
	"stringValues": [
	],
	"stringOffsets": [
		0,
		14,
		37,
		38,
		44,
		69,
		92,
		116
	],
	"strings": [
		"LinkHouse_001",
		"AreaStartCommon:WalkIn",
		"",
		"Field",
		"F_SouthernVillage001_008",
		"AreaExitCommon:WalkOut",
		"LinkHouse_001_Effect_00",
		"LinkHouse"
	]
}
