{
	"actors": [
		[[9.75, 0.0, 11.25], 1, 1, 0.0, 0.75, -0.14299965, [-3.75, -3.75, -3.75, 3.75, 3.75, 3.75], [], ["VillageHouse002_001", "AreaStartCommon:WalkIn", null, ""], -104856987, 0, 0, 0, "TagAreaStart", 0, 0, {}, 0, 0, 0, 0, 0, 0, 0, 0, 3, 1, 0],
		[[9.75, 0.0, 6.0], 2, 1, 0.030499458, 1.7175, -0.15600014, [-8.987499, -5.5065002, -8.545, 8.9875, 5.5065002, 8.545], [], ["VillageHouse01", "", "", 0, 1], -1535885081, 1, 0, 0, "MapStatic", 0, 0, {}, 0, 0, 0, 0, 0, 0, 0, 0, 3, 1, 0],
		[[9.75, 0.0, 6.0], 2, 1, 0.030499458, 1.7175, -0.15600014, [-5.987499, -2.5065, -5.545, 5.9875, 2.5065, 5.545], [], ["VillageHouse01_Effect_00"], -1056396135, 2, 0, 0, "TagTailorPlayer", 0, 0, {}, 0, 0, 0, 0, 0, 0, 0, 0, 3, 1, 0],
		[[9.75, 0.75, 11.25], 1, 2, 0.0, 0.0, -0.1590004, [-1.481, -0.75, -0.75, 1.481, 0.75, 0.75], [], ["Field", "F_SouthernVillage001_006", "AreaExitCommon:WalkOut", 0, "", null, 0], -251277778, 3, 0, 0, "SensorLevelOpen", 0, 0, {}, 0, 0, 0, 0, 0, 0, 0, 0, 3, 1, 0],
		[[12.75, 0.75, 2.25], 2, 1, 0.0030002594, 0.42700005, -0.007999897, [-0.75, -0.75000006, -0.7500001, 0.75, 0.75, 0.75], [], [], -1383828141, 4, 0, 0, "CharmMeat", 0, 0, {}, 0, 0, 0, 0, 0, 0, 0, 0, 3, 1, 0],
		[[12.75, 0.25, 2.25], 2, 1, 0.0, 0.0, 0.0, [-0.75, -0.75, -0.75, 0.75, 0.75, 0.75], [], ["Stove", true, 1], -1629311910, 5, 0, 0, "GeneralFire", 0, 0, {}, 0, 0, 0, 0, 0, 0, 0, 0, 3, 1, 0],
		[[9.75, 2.5, 6.0], 1, 1, 0.0, 0.0, 0.0, [-7.0, -7.0, -7.0, 7.0, 7.0, 7.0], [], [-841144091, 7.0, 0.5, 0.01], -841144091, 6, 0, 0, "TagLightProbe", 0, 0, {}, 0, 0, 0, 0, 0, 0, 0, 0, 3, 1, 0],
		[[10.5, 0.0, 3.75], 2, 1, 0.0, 0.733, -0.007999897, [-0.77999973, -0.79899997, -0.75, 0.77999973, 0.79899997, 0.75], [], [], -1006337517, 7, 0, 0, "HylianF009", 1, 0, {"3699003335": 20}, 0, 0, 0, 0, 0, 0, 0, 0, 3, 1, 0],
		[[9.75, 0.0, 6.75], 0, 1, 0.0, 0.0, 0.0, [-0.75, -0.75, -0.75, 0.75, 0.75, 0.75], [], [0, 0, false, 1.0], -46142082, 8, 0, 0, "TagLightActor", 0, 0, {}, 0, 0, 0, 0, 0, 0, 0, 0, 3, 1, 0],
		[[9.75, 0.0, 11.25], 0, 1, 0.0, 0.0, 0.0, [-0.75, -0.75, -0.75, 0.75, 0.75, 0.75], [], [1, 1, false, 1.0], -645640038, 9, 0, 0, "TagLightActor", 0, 0, {}, 0, 0, 0, 0, 0, 0, 0, 0, 3, 1, 0],
		[[12.75, 0.0, 3.75], 0, 1, 0.0, 0.0, 0.0, [-0.75, -0.75, -0.75, 0.75, 0.75, 0.75], [], [2, 2, false, 1.0], -1233019883, 10, 0, 0, "TagLightActor", 0, 0, {}, 0, 0, 0, 0, 0, 0, 0, 0, 3, 1, 0]
	],
	"empty1": [
	],
	"unk2": [
	],
	"unk3": [
		1,
		0,
		6,
		2,
		8,
		9,
		10,
		5,
		7,
		3,
		4
	],
	"actorFieldValues": [
		[2, 0, 20, 3699003335, 0, 0, 0]
	],
	"unk5": [
		"00 00 01 00 00 00 00 00 00 00 00 00"
	],
	"unk6": [
		"00 00"
	],
	"unk7": [
		[3.75, -1.5, 0.75, 0.0, 15.75, 7.5, 12.0, 0.0, 0, 0, 0, 11, -1, 0, 0, 0]
	],
	"unk8": [
	],
	"unk9": [
	],
	"unk10": [
	],
	"unk11": [
	],
	"unk12": [
		[-6.25, -11.5, -8.5, 0.0, 25.75, 17.5, 23.5, 0.0, 7.5, -1.5, 9, 0, 4, 0]
	],
	"unk13": [
	],
	"unk14": [
		"00 00 40 41 00 00 80 3F F3 B3 51 3F 00 00 00 00 00 00 00 00 00 00 00 00 00 00 00 00 00 00 00 00 FF F2 E5 FF 00 00 60 40 02 00 00 00 00 00 00 00",
		"00 00 70 41 81 17 7E 3F 51 70 79 3F 00 00 00 00 00 00 00 00 00 00 00 00 00 00 00 00 00 00 00 00 FF F2 E5 FF 00 00 C8 41 02 00 00 00 00 00 00 00",
		"00 00 20 41 00 00 80 3F 81 B0 7E 3F 00 00 00 00 00 00 00 00 00 00 00 00 00 00 00 00 00 00 00 00 FF 95 6F FF 00 00 F0 40 02 00 00 00 00 00 00 00"
	],
	"unk15": [
		"00 00 00 00 00 00 E0 40 00 00 90 C0 00 00 00 00 2C BD BB 32 FD FF FF BE D8 B3 5D 3F 34 96 22 33",
		"00 00 00 00 00 00 E0 40 00 00 E0 40 00 00 00 00 7D B8 98 32 1D DE 69 BF CA 3F D0 3E 12 82 2B 33",
		"00 00 10 C0 00 00 E4 40 00 00 90 40 00 00 00 00 88 23 BC 3D AB FB 64 3F E1 15 C7 BE 50 8F 4D 3E"
	],
	"unk16": [
	],
	"unk17": [
	],
	"unk18": [
	],
	"unk19": [
	],
	"unk20": [
	],
	"unk21": [
	],
	"unk22": [
		[3.75, 1.5],
		[3.75, 13.5],
		[15.75, 13.5],
		[15.75, 1.5]
	],
	"empty23": [
	],
	"unk24": [
		[0.0, 0.0, 0.0, 1.0],
		[0.0, -1.0, 0.0, 4.371139e-08],
		[0.0, 0.0, 0.0, -1.0]
	],
	"unk25": [
		[0.0, 0.0, 0.0, 0.0],
		[1.0, 1.0, 1.0, 0.0],
		[2.9625, 1.5, 1.1, 0.0]
	],
	"actorParams": [
		"VillageHouse002_001",
		"AreaStartCommon:WalkIn",
		null,
		"",
		"VillageHouse01",
		0,
		1,
		"VillageHouse01_Effect_00",
		"Field",
		"F_SouthernVillage001_006",
		"AreaExitCommon:WalkOut",
		"Stove",
		true,
		-841144091,
		7.0,
		0.5,
		0.01,
		false,
		1.0,
		2
	],
	"floatValues": [
	],
	"empty28": [
	],
	"stringValues": [
	],
	"stringOffsets": [
		0,
		20,
		43,
		44,
		59,
		84,
		90,
		115,
		138,
		144
	],
	"strings": [
		"VillageHouse002_001",
		"AreaStartCommon:WalkIn",
		"",
		"VillageHouse01",
		"VillageHouse01_Effect_00",
		"Field",
		"F_SouthernVillage001_006",
		"AreaExitCommon:WalkOut",
		"Stove",
		"VillageHouse002"
	]
}
