{
	"actors": [
		[[0.0, 0.0, 5.25], 1, 1, 0.0, 0.75, -0.14299965, [-3.75, -3.75, -3.7500005, 3.75, 3.75, 3.75], [], ["ZoraRiverHouse002_001", "AreaStartCommon:WalkIn", null, ""], -1129258399, 0, 0, 0, "TagAreaStart", 0, 0, {}, 0, 0, 0, 0, 0, 0, 0, 0, 3, 1, 0],
		[[0.0, 0.0, -0.75], 2, 1, 0.020499945, 1.8095, 0.59299994, [-6.0485, -4.3805, -6.278, 6.0485, 4.3805, 6.278], [], ["ZoraRiverHouse01_Effect_00"], -248812022, 1, 0, 0, "TagTailorPlayer", 0, 0, {}, 0, 0, 0, 0, 0, 0, 0, 0, 3, 1, 0],
		[[0.0, 2.25, -0.75], 1, 1, 0.0, 0.0, 0.0, [-15.0, -15.0, -15.0, 15.0, 15.0, 15.0], [], [-899550686, 15.0, 0.5, 0.2], -899550686, 2, 0, 0, "TagLightProbe", 0, 0, {}, 0, 0, 0, 0, 0, 0, 0, 0, 3, 1, 0],
		[[0.0, 0.0, -0.75], 2, 1, 0.020500183, 1.8095002, 0.5930004, [-9.0485, -7.3805003, -9.278, 9.0485, 7.3805003, 9.278], [], ["ZoraRiverHouse01", "", "", 0, 1], -1431120522, 3, 0, 0, "MapStatic", 0, 0, {"$BakedFixtureList": ["RoomEdge_2x2"]}, 0, 0, 0, 0, 0, 0, 0, 0, 3, 1, 0],
		[[0.0, -2.875, 0.0], 2, 2, 0.0, 1.25, 0.0, [-8.0, -4.25, -9.0, 8.0, 4.25, 9.0], [], [], -1882769919, 4, 0, 0, "MapPond", 0, 0, {}, 0, 0, 0, 0, 0, 0, 0, 0, 3, 3, 0],
		[[-0.34, 0.25, -0.035000026], 2, 1, -2.9802322e-08, 0.0, 0.0, [-0.75, -0.75, -0.75, 0.75, 0.75, 0.75], [], ["Stove_ZoraRiver", false, 0], -1267400534, 5, 0, 0, "GeneralFire", 0, 0, {}, 0, 0, 0, 0, 0, 0, 0, 0, 3, 1, 0],
		[[0.0, 0.75, 5.25], 2, 3, 0.0, 0.0, 0.15899992, [-1.5, -0.75, -0.75, 1.5, 0.75, 0.75], [], ["Field", "River_002_002", "AreaExitCommon:WalkOut", 0, "", null, 0], -444209783, 6, 0, 0, "SensorLevelOpen", 0, 0, {}, 0, 0, 0, 0, 0, 0, 0, 0, 3, 1, 0],
		[[0.0, 0.0, -0.75], 0, 1, 0.0, 0.0, 0.0, [-0.5, -0.5, -0.5, 0.5, 0.5, 0.5], [], [0, 0, false, 1.0], -1743193026, 7, 0, 0, "TagLightActor", 0, 0, {}, 0, 0, 0, 0, 0, 0, 0, 0, 3, 1, 0],
		[[0.0, 0.0, 5.25], 0, 1, 0.0, 0.0, 0.0, [-0.5, -0.5, -0.5, 0.5, 0.5, 0.5], [], [1, 1, false, 1.0], -859242937, 8, 0, 0, "TagLightActor", 0, 0, {}, 0, 0, 0, 0, 0, 0, 0, 0, 3, 1, 0]
	],
	"empty1": [
	],
	"unk2": [
	],
	"unk3": [
		4,
		3,
		0,
		2,
		1,
		5,
		7,
		8,
		6
	],
	"actorFieldValues": [
		[7, 1, ["RoomEdge_2x2"], "$BakedFixtureList", 0, 0, 0]
	],
	"unk5": [
		"00 00 01 00 00 00 00 00 00 00 00 00"
	],
	"unk6": [
		"00 00"
	],
	"unk7": [
		[-5.5, -3.5, -6.0, 0.0, 5.5, 7.5, 6.0, 0.0, 0, 0, 0, 9, -1, 0, 0, 0]
	],
	"unk8": [
	],
	"unk9": [
	],
	"unk10": [
	],
	"unk11": [
	],
	"unk12": [
		[-15.25, -13.5, -16.0, 0.0, 15.25, 17.5, 16.0, 0.0, 7.5, -3.5, 10, 0, 4, 0]
	],
	"unk13": [
	],
	"unk14": [
		"00 00 40 41 EA 46 77 3F 47 1F 5C 3F 00 00 00 00 00 00 00 00 00 00 00 00 00 00 00 00 00 00 00 00 FF F2 E5 FF 00 00 00 41 02 00 00 00 00 00 00 00",
		"00 00 30 41 64 D0 74 3F FE 93 68 3F 00 00 00 00 00 00 00 00 00 00 00 00 00 00 00 00 00 00 00 00 FF F2 E5 FF 00 00 A0 41 02 00 00 00 00 00 00 00"
	],
	"unk15": [
		"00 00 00 00 00 00 E0 40 00 00 70 C0 00 00 00 00 2C BD BB 32 FD FF FF BE D8 B3 5D 3F 34 96 22 33",
		"00 00 00 00 00 00 C0 40 00 00 60 40 00 00 00 00 82 23 C6 32 69 74 59 BF 2B 17 07 3F BB 78 1F 33"
	],
	"unk16": [
	],
	"unk17": [
	],
	"unk18": [
	],
	"unk19": [
	],
	"unk20": [
	],
	"unk21": [
	],
	"unk22": [
		[-5.25, -6.0],
		[-5.25, 6.0],
		[5.25, 6.0],
		[5.25, -6.0]
	],
	"empty23": [
	],
	"unk24": [
		[0.0, 0.0, 0.0, 1.0],
		[0.0, -1.0, 0.0, 4.371139e-08],
		[0.0, 0.0, 0.0, -1.0]
	],
	"unk25": [
		[0.0, 0.0, 0.0, 0.0],
		[1.0, 1.0, 1.0, 0.0],
		[10.0, 2.5, 12.0, 0.0],
		[3.0, 1.5, 1.1, 0.0]
	],
	"actorParams": [
		"ZoraRiverHouse002_001",
		"AreaStartCommon:WalkIn",
		null,
		"",
		"ZoraRiverHouse01_Effect_00",
		-899550686,
		15.0,
		0.5,
		0.2,
		"ZoraRiverHouse01",
		0,
		1,
		"Stove_ZoraRiver",
		false,
		"Field",
		"River_002_002",
		"AreaExitCommon:WalkOut",
		1.0
	],
	"floatValues": [
	],
	"empty28": [
	],
	"stringValues": [
		"RoomEdge_2x2"
	],
	"stringOffsets": [
		0,
		22,
		45,
		46,
		73,
		86,
		103,
		119,
		125,
		139,
		162
	],
	"strings": [
		"ZoraRiverHouse002_001",
		"AreaStartCommon:WalkIn",
		"",
		"ZoraRiverHouse01_Effect_00",
		"RoomEdge_2x2",
		"ZoraRiverHouse01",
		"Stove_ZoraRiver",
		"Field",
		"River_002_002",
		"AreaExitCommon:WalkOut",
		"ZoraRiverHouse002"
	]
}
