{
	"actors": [
		[8.25, 0.0, 11.25, 1, 1, 0.0, 0.75, -0.14299965, -3.75, -3.75, -3.75, 3.75, 3.75, 3.75, 2, 4, 2, 4, 2, 4, 2, 4, ["BoundaryHyruleHouse003_001", "AreaStartCommon:WalkIn", null, ""], -1859025709, 0, "TagAreaStart", 0, 0, 0, 0, 0, 0, 0, 0, 0, 0, 0, 0, 259, 0],
		[8.25, 0.0, 6.0, 2, 1, 0.030000687, 1.3110001, -0.08049965, -10.424001, -5.1000004, -8.4495, 10.424, 5.1000004, 8.4495, 2, 4, 2, 4, 2, 4, 2, 4, ["HyruleHouse00", "", "", 0, 1], -1546034992, 1, "MapStatic", 0, 0, 0, 1, 0, 0, 0, 0, 0, 0, 0, 0, 259, 0],
		[8.25, 0.0, 6.0, 2, 1, 0.030000687, 1.311, -0.08049965, -7.4240007, -2.1, -5.4495006, 7.424, 2.1, 5.4495, 2, 4, 2, 4, 2, 4, 2, 4, ["HyruleHouse00_Effect_00_Boundary"], -1519987907, 2, "TagTailorPlayer", 0, 0, 1, 0, 0, 0, 0, 0, 0, 0, 0, 0, 259, 0],
		[8.25, 0.0, 11.25, 1, 2, 0.0, 0.0, -0.1590004, -1.5, -0.75, -0.75, 1.5, 0.75, 0.75, 2, 4, 2, 4, 2, 4, 2, 4, ["FieldBoundaryCastle", "FBCastle_006", "AreaExitCommon:WalkOut", 0, "", null, 0], -1454374285, 3, "SensorLevelOpen", 0, 0, 1, 0, 0, 0, 0, 0, 0, 0, 0, 0, 259, 0],
		[5.25, -0.0047884774, 2.25, 2, 1, 0.0, 0.61978847, 0.0, -0.75, -0.75, -0.75, 0.75, 0.75, 0.75, 2, 4, 2, 4, 2, 4, 2, 4, [], -369237049, 4, "Pot", 0, 0, 1, 0, 0, 0, 0, 0, 0, 0, 0, 0, 259, 0],
		[11.75, 0.5, 2.0, 2, 1, 0.0, 0.0, 0.0, -0.75, -0.75, -0.75, 0.75, 0.75, 0.75, 2, 4, 2, 4, 2, 4, 2, 4, ["Stove_Hyrule", false, 0], -1011370908, 5, "GeneralFire", 0, 0, 1, 0, 0, 0, 0, 0, 0, 0, 0, 0, 259, 0],
		[5.517, 1.161, 7.501, 3, 1, -0.12100029, 0.47199988, -0.25150013, -0.75, -0.7499999, -0.7595, 0.75, 0.75, 0.7595, 2, 4, 2, 4, 2, 4, 2, 4, [], -619826950, 6, "BoundaryHylianMC004", 0, 0, 1, 0, 0, 0, 0, 0, 0, 0, 0, 0, 259, 0],
		[7.2933617, 0.6065633, 4.0621305, 4, 1, 0.07163811, 0.7164366, -0.19263029, -0.9859996, -0.90199995, -0.9575002, 0.98600006, 0.90199995, 0.9575, 2, 4, 2, 4, 2, 4, 2, 4, [], -1888658048, 7, "BoundaryHylianF022", 0, 0, 1, 0, 0, 0, 0, 0, 0, 0, 0, 0, 259, 0],
		[8.25, 0.0, 11.25, 0, 1, 0.0, 0.0, 0.0, -0.5, -0.5, -0.5, 0.5, 0.5, 0.5, 2, 4, 2, 4, 2, 4, 2, 4, [0, 0, false, 1.0], -725913568, 8, "TagLightActor", 0, 0, 1, 0, 0, 0, 0, 0, 0, 0, 0, 0, 259, 0],
		[8.25, 0.0, 6.0, 0, 1, 0.0, 0.0, 0.0, -0.5, -0.5, -0.5, 0.5, 0.5, 0.5, 2, 4, 2, 4, 2, 4, 2, 4, [1, 1, false, 1.0], -618950218, 9, "TagLightActor", 0, 0, 1, 0, 0, 0, 0, 0, 0, 0, 0, 0, 259, 0]
	],
	"empty1": [
	],
	"unk2": [
	],
	"unk3": [
		1,
		0,
		2,
		3,
		8,
		9,
		5,
		4,
		7,
		6
	],
	"unk4": [
		"07 00 01 00 00 00 00 00 14 02 8A 21 00 00 00 00 00 00 00 00 00 00 00 00"
	],
	"unk5": [
		"00 00 01 00 00 00 00 00 00 00 00 00"
	],
	"unk6": [
		"00 00"
	],
	"unk7": [
		"00 00 40 3F 00 00 C0 BF 00 00 40 3F 00 00 00 00 00 00 7C 41 00 00 F0 40 00 00 34 41 00 00 00 00 00 00 00 00 00 00 0A 00 FF FF 00 00 00 00 00 00"
	],
	"unk8": [
	],
	"unk9": [
	],
	"unk10": [
	],
	"unk11": [
	],
	"unk12": [
		"00 00 14 C1 00 00 38 C1 00 00 14 C1 00 00 00 00 00 00 CE 41 00 00 8C 41 00 00 AA 41 00 00 00 00 00 00 F0 40 00 00 C0 BF 0A 00 00 00 04 00 00 00"
	],
	"unk13": [
	],
	"unk14": [
		"00 00 A0 41 00 00 80 3F B2 8F 70 3F 00 00 00 00 00 00 00 00 00 00 00 00 00 00 00 00 00 00 00 00 00 18 FF FF 00 00 20 42 02 00 00 00 00 00 00 00",
		"00 00 40 41 00 00 80 3F F3 B3 51 3F 00 00 00 00 00 00 00 00 00 00 00 00 00 00 00 00 00 00 00 00 D0 D0 FF FF 00 00 A0 40 02 00 00 00 00 00 00 00"
	],
	"unk15": [
		"00 00 00 00 00 00 C0 40 00 00 70 40 00 00 00 00 84 BE C9 32 7F E8 57 BF 79 8C 09 3F 62 56 1E 33",
		"00 00 00 00 00 00 E0 40 00 00 40 C0 00 00 00 00 2C BD BB 32 FD FF FF BE D8 B3 5D 3F 34 96 22 33"
	],
	"unk16": [
	],
	"unk17": [
	],
	"unk18": [
	],
	"unk19": [
	],
	"unk20": [
	],
	"unk21": [
	],
	"unk22": [
		"00 00 40 3F 00 00 40 3F",
		"00 00 40 3F 00 00 34 41",
		"00 00 7C 41 00 00 34 41",
		"00 00 7C 41 00 00 40 3F"
	],
	"empty23": [
	],
	"unk24": [
		"00 00 00 00 00 00 00 00 00 00 00 00 00 00 80 3F",
		"00 00 00 00 00 00 80 BF 00 00 00 00 2E BD 3B 33",
		"00 00 00 00 00 00 00 00 00 00 00 00 00 00 80 BF",
		"01 FC 7B BE 40 69 77 3E 6F D2 46 3D 3B F9 6F 3F",
		"C9 0B F8 BD AF B0 33 BE C8 3F B2 BC 18 0D 7A 3F"
	],
	"unk25": [
		"00 00 00 00 00 00 00 00 00 00 00 00 00 00 00 00",
		"00 00 80 3F 00 00 80 3F 00 00 80 3F 00 00 00 00",
		"00 00 40 40 00 00 C0 3F CD CC 8C 3F 00 00 00 00"
	],
	"actorParams": [
		"BoundaryHyruleHouse003_001",
		"AreaStartCommon:WalkIn",
		null,
		"",
		"HyruleHouse00",
		0,
		1,
		"HyruleHouse00_Effect_00_Boundary",
		"FieldBoundaryCastle",
		"FBCastle_006",
		"AreaExitCommon:WalkOut",
		"Stove_Hyrule",
		false,
		1.0
	],
	"unk27": [
	],
	"empty28": [
	],
	"unk29": [
		"03 00"
	],
	"stringOffsets": [
		0,
		27,
		50,
		51,
		64,
		78,
		111,
		131,
		144,
		167,
		180
	],
	"strings": [
		"BoundaryHyruleHouse003_001",
		"AreaStartCommon:WalkIn",
		"",
		"RoomEdge_2x2",
		"HyruleHouse00",
		"HyruleHouse00_Effect_00_Boundary",
		"FieldBoundaryCastle",
		"FBCastle_006",
		"AreaExitCommon:WalkOut",
		"Stove_Hyrule",
		"BoundaryHyruleHouse003"
	]
}
