{
	"actors": [
		[0.75, 0.0, 5.25, 1, 1, 0.0, 0.75, -0.14299965, -3.75, -3.75, -3.7500005, 3.75, 3.75, 3.75, 2, 4, 2, 4, 2, 4, 2, 4, ["BS006_R001_Start", "AreaStartCommon:WalkIn", null, ""], -1376819585, 0, "TagAreaStart", 0, 0, 0, 0, 0, 0, 0, 0, 0, 0, 0, 0, 259, 0],
		[0.75, 0.0, 0.0, 2, 1, -0.017499924, 2.3945, -0.020999908, -8.4115, -3.8945, -6.138, 8.4115, 3.8945, 6.138, 2, 4, 2, 4, 2, 4, 2, 4, ["S_Dungeon046_001_Effect_00"], -2007260200, 1, "TagTailorPlayer", 0, 0, 0, 0, 0, 0, 0, 0, 0, 0, 0, 0, 259, 0],
		[0.75, 0.0, 0.0, 2, 1, -0.017499924, 2.3944998, -0.020999908, -11.4115, -6.8945, -9.1380005, 11.4115, 6.8945, 9.1380005, 2, 4, 2, 4, 2, 4, 2, 4, ["S_Dungeon046_001", "", "", 0, 1], -1215763365, 2, "MapStatic", 0, 0, 0, 1, 0, 0, 0, 0, 0, 0, 0, 0, 259, 0],
		[0.75, 0.75, 6.1875, 2, 2, 0.0, 0.0, 0.4335003, -0.75, -1.5, -1.9330001, 0.75, 1.5, 1.9329996, 2, 4, 2, 4, 2, 4, 2, 4, ["FieldBoundaryCastle", "FBCastle_008", "AreaExitCommon:WalkOut", 0, "", null, 0], -1811127812, 3, "SensorLevelOpen", 0, 0, 1, 0, 0, 0, 0, 0, 0, 0, 0, 0, 259, 0],
		[0.75, 1.5, -3.75, 2, 1, 0.0, 0.57299995, 0.07399988, -0.75, -0.75, -0.75, 0.75, 0.75, 0.75, 7, 2, 15, 1, 2, 4, 2, 4, ["Switch0", 216, 0, 0, "", "", 3, false], -727841106, 4, "TreasureBox", 0, 0, 1, 0, 0, 0, 0, 0, 0, 0, 0, 0, 259, 0],
		[0.75, 0.0, 1.125, 0, 1, 0.0, 0.0, 0.0, -0.5, -0.5, -0.5, 0.5, 0.5, 0.5, 2, 4, 2, 4, 2, 4, 2, 4, [0, 0, false, 1.0], -93562441, 5, "TagLightActor", 0, 0, 1, 0, 0, 0, 0, 0, 0, 0, 0, 0, 259, 0],
		[0.75, 0.0, 5.25, 0, 1, 0.0, 0.0, 0.0, -0.5, -0.5, -0.5, 0.5, 0.5, 0.5, 2, 4, 2, 4, 2, 4, 2, 4, [1, 1, false, 1.0], -1962845470, 6, "TagLightActor", 0, 0, 1, 0, 0, 0, 0, 0, 0, 0, 0, 0, 259, 0]
	],
	"empty1": [
	],
	"unk2": [
	],
	"unk3": [
		2,
		0,
		1,
		3,
		5,
		6,
		4
	],
	"unk4": [
		"07 00 01 00 00 00 00 00 14 02 8A 21 00 00 00 00 00 00 00 00 00 00 00 00"
	],
	"unk5": [
		"00 00 01 00 00 00 00 00 00 00 00 00"
	],
	"unk6": [
		"00 00"
	],
	"unk7": [
		"00 00 F0 C0 00 00 C0 BF 00 00 C0 C0 00 00 00 00 00 00 10 41 00 00 C0 40 00 00 F0 40 00 00 00 00 00 00 00 00 00 00 07 00 FF FF 00 00 00 00 00 00"
	],
	"unk8": [
	],
	"unk9": [
	],
	"unk10": [
	],
	"unk11": [
	],
	"unk12": [
		"00 00 8C C1 00 00 38 C1 00 00 80 C1 00 00 00 00 00 00 8C 41 00 00 80 41 00 00 80 41 00 00 00 00 00 00 C0 40 00 00 C0 BF 0B 00 00 00 04 00 00 00"
	],
	"unk13": [
	],
	"unk14": [
		"00 00 A0 41 27 F9 5A 3F 11 F7 29 3F 00 00 00 00 00 00 00 00 00 00 00 00 00 00 00 00 00 00 00 00 FF D1 A4 FF 00 00 A0 40 02 00 00 00 00 00 00 00",
		"00 00 70 41 00 00 80 3F 83 8C 7B 3F 00 00 00 00 00 00 00 00 00 00 00 00 00 00 00 00 00 00 00 00 FF F2 C4 FF 00 00 00 42 02 00 00 00 00 00 00 00"
	],
	"unk15": [
		"00 00 00 00 00 00 1C 41 00 00 84 C0 00 00 00 00 84 BE C9 32 79 8C 09 BF 7F E8 57 3F 62 56 1E 33",
		"00 00 00 00 00 00 1C 41 00 00 A0 C0 00 00 00 00 6B B0 C0 32 00 60 03 BF 2A B8 5B 3F E5 21 21 33"
	],
	"unk16": [
	],
	"unk17": [
	],
	"unk18": [
	],
	"unk19": [
	],
	"unk20": [
	],
	"unk21": [
	],
	"unk22": [
		"00 00 F0 C0 00 00 C0 C0",
		"00 00 F0 C0 00 00 C0 40",
		"00 00 F0 40 00 00 C0 40",
		"00 00 F0 40 00 00 C0 C0"
	],
	"empty23": [
	],
	"unk24": [
		"00 00 00 00 00 00 00 00 00 00 00 00 00 00 80 3F",
		"00 00 00 00 00 00 80 BF 00 00 00 00 2E BD 3B 33",
		"00 00 00 00 00 00 00 00 00 00 00 00 00 00 80 BF"
	],
	"unk25": [
		"00 00 00 00 00 00 00 00 00 00 00 00 00 00 00 00",
		"00 00 80 3F 00 00 80 3F 00 00 80 3F 00 00 00 00",
		"00 00 C0 3F 00 00 40 40 00 00 40 40 00 00 00 00"
	],
	"actorParams": [
		"BS006_R001_Start",
		"AreaStartCommon:WalkIn",
		null,
		"",
		"S_Dungeon046_001_Effect_00",
		"S_Dungeon046_001",
		0,
		1,
		"FieldBoundaryCastle",
		"FBCastle_008",
		"AreaExitCommon:WalkOut",
		"Switch0",
		216,
		3,
		false,
		"BS006R001_TreasureBoxOpen",
		1.0
	],
	"unk27": [
	],
	"empty28": [
	],
	"unk29": [
		"04 00"
	],
	"stringOffsets": [
		0,
		17,
		40,
		41,
		68,
		81,
		98,
		118,
		131,
		154,
		162,
		188
	],
	"strings": [
		"BS006_R001_Start",
		"AreaStartCommon:WalkIn",
		"",
		"S_Dungeon046_001_Effect_00",
		"RoomEdge_1x1",
		"S_Dungeon046_001",
		"FieldBoundaryCastle",
		"FBCastle_008",
		"AreaExitCommon:WalkOut",
		"Switch0",
		"BS006R001_TreasureBoxOpen",
		"BSDungeon006_Top"
	]
}
