{
	"actors": [
		[0.75, 0.0, 6.75, 1, 1, 0.0, 0.75, -0.14299965, -3.75, -3.75, -3.7500005, 3.75, 3.75, 3.75, 2, 4, 2, 4, 2, 4, 2, 4, ["BS_Dungeon019_Start", "AreaStartCommon:WalkIn", null, ""], -1962543589, 0, "TagAreaStart", 0, 0, 0, 0, 0, 0, 0, 0, 0, 0, 0, 0, 259, 0],
		[0.75, 0.0, 0.75, 2, 1, -0.081499815, 0.87450004, -2.0054998, -7.6555004, -7.4115, -15.5055, 7.6555004, 7.4115, 15.5055, 2, 4, 2, 4, 2, 4, 2, 4, ["BS_Dungeon019_001_Effect_00"], -1985121688, 1, "TagTailorPlayer", 0, 0, 0, 0, 0, 0, 0, 0, 0, 0, 0, 0, 259, 0],
		[0.75, 0.0, 0.75, 2, 1, -0.08149958, 0.8744998, -2.0054998, -10.6555, -10.411501, -18.5055, 10.6555, 10.411501, 18.5055, 2, 4, 2, 4, 2, 4, 2, 4, ["BS_Dungeon019_001", "", "", 0, 1], -369933911, 2, "MapStatic", 0, 0, 0, 1, 0, 0, 0, 0, 0, 0, 0, 0, 259, 0],
		[3.75, -1.5, 0.75, 2, 2, 0.0, -0.75, 0.0, -3.75, -3.75, -3.75, 3.75, 3.75, 3.75, 2, 4, 2, 4, 2, 4, 2, 4, [], -17552345, 3, "MapAbyss", 0, 0, 1, 0, 0, 0, 0, 0, 0, 0, 0, 0, 771, 0],
		[-2.25, -1.5, -2.25, 2, 2, 0.0, -0.75, 0.0, -3.75, -3.75, -3.75, 3.75, 3.75, 3.75, 2, 4, 2, 4, 2, 4, 2, 4, [], -1798411384, 4, "MapAbyss", 0, 0, 1, 0, 0, 0, 0, 0, 0, 0, 0, 0, 771, 0],
		[3.75, 0.0, 0.75, 2, 1, 0.0, -0.08499998, 0.0, -0.75, -0.75, -0.75, 0.75, 0.75, 0.75, 2, 4, 2, 4, 2, 4, 2, 4, [5.5, 0.1], -1025138333, 5, "FlyingTile", 0, 0, 1, 0, 0, 0, 0, 0, 0, 0, 0, 0, 259, 0],
		[-2.25, 0.0, -2.25, 2, 1, 0.0, -0.08499998, 0.0, -0.75, -0.75, -0.75, 0.75, 0.75, 0.75, 2, 4, 2, 4, 2, 4, 2, 4, [8.0, 0.1], -165834575, 6, "FlyingTile", 0, 0, 1, 0, 0, 0, 0, 0, 0, 0, 0, 0, 259, 0],
		[0.75, 0.75, 6.75, 1, 3, 0.0, 0.0, -0.15899992, -0.75, -0.75, -0.75, 0.75, 0.75, 0.75, 2, 4, 2, 4, 2, 4, 2, 4, ["S_Dungeon055", "S055_001_StartN", "AreaExitCommon:WalkOut", 0, "", null, 0], -1250526130, 7, "SensorLevelOpen", 0, 0, 1, 0, 0, 0, 0, 0, 0, 0, 0, 0, 259, 0],
		[0.75, 0.0, 0.75, 2, 1, 0.0, 0.7945, 0.020500004, -1.083, -0.7945, -0.7495, 1.083, 0.7945, 0.7495, 2, 4, 2, 4, 2, 4, 2, 4, [], -1796866337, 8, "ReDeadBoundary", 0, 0, 1, 1, 0, 0, 0, 0, 0, 0, 0, 0, 259, 0],
		[0.75, 0.0, 6.75, 0, 1, 0.0, 0.0, 0.0, -0.75, -0.75, -0.75, 0.75, 0.75, 0.75, 2, 4, 2, 4, 2, 4, 2, 4, [0, 0, false, 1.0], -1133738105, 9, "TagLightActor", 0, 0, 2, 0, 0, 0, 0, 0, 0, 0, 0, 0, 259, 0],
		[0.75, 0.0, 0.75, 0, 1, 0.0, 0.0, 0.0, -0.75, -0.75, -0.75, 0.75, 0.75, 0.75, 2, 4, 2, 4, 2, 4, 2, 4, [1, 1, false, 1.0], -1587171928, 10, "TagLightActor", 0, 0, 2, 0, 0, 0, 0, 0, 0, 0, 0, 0, 259, 0]
	],
	"empty1": [
	],
	"unk2": [
	],
	"unk3": [
		2,
		3,
		4,
		0,
		1,
		5,
		6,
		9,
		10,
		7,
		8
	],
	"unk4": [
		"07 00 01 00 00 00 00 00 14 02 8A 21 00 00 00 00 00 00 00 00 00 00 00 00",
		"02 00 00 00 40 00 00 00 62 76 61 1F 00 00 00 00 00 00 00 00 00 00 00 00"
	],
	"unk5": [
		"00 00 01 00 00 00 00 00 00 00 00 00"
	],
	"unk6": [
		"00 00"
	],
	"unk7": [
		"00 00 C0 C0 00 00 40 C0 00 00 C0 C0 00 00 00 00 00 00 F0 40 00 00 F0 40 00 00 F0 40 00 00 00 00 00 00 00 00 00 00 0B 00 FF FF 00 00 00 00 00 00"
	],
	"unk8": [
	],
	"unk9": [
	],
	"unk10": [
	],
	"unk11": [
	],
	"unk12": [
		"00 00 80 C1 00 00 50 C1 00 00 80 C1 00 00 00 00 00 00 8C 41 00 00 8C 41 00 00 8C 41 00 00 00 00 00 00 F0 40 00 00 40 C0 09 00 00 00 08 00 00 00"
	],
	"unk13": [
	],
	"unk14": [
		"00 00 A0 41 00 00 80 3F B2 8F 70 3F 00 00 00 00 00 00 00 00 00 00 00 00 00 00 00 00 00 00 00 00 00 18 FF FF 00 00 70 42 02 00 00 00 00 00 00 00",
		"00 00 A0 41 B2 8F 70 3F D7 B3 5D 3F 00 00 00 00 00 00 00 00 00 00 00 00 00 00 00 00 00 00 00 00 FF D1 A4 FF 00 00 00 41 02 00 00 00 00 00 00 00"
	],
	"unk15": [
		"00 00 00 00 00 00 C0 40 00 00 70 40 00 00 00 00 EA E4 B8 32 A1 CF 5E BF F1 1E FC 3E 52 66 23 33",
		"00 00 00 00 00 00 1C 41 00 00 A8 C0 00 00 00 00 84 BE C9 32 79 8C 09 BF 7F E8 57 3F 62 56 1E 33"
	],
	"unk16": [
	],
	"unk17": [
	],
	"unk18": [
	],
	"unk19": [
	],
	"unk20": [
	],
	"unk21": [
	],
	"unk22": [
		"00 00 C0 C0 00 00 C0 C0",
		"00 00 F0 40 00 00 C0 C0",
		"00 00 F0 40 00 00 C0 40",
		"00 00 C0 3F 00 00 C0 40",
		"00 00 C0 3F 00 00 F0 40",
		"00 00 00 00 00 00 F0 40",
		"00 00 00 00 00 00 C0 40",
		"00 00 C0 C0 00 00 C0 40"
	],
	"empty23": [
	],
	"unk24": [
		"00 00 00 00 00 00 00 00 00 00 00 00 00 00 80 3F",
		"00 00 00 00 00 00 80 BF 00 00 00 00 2E BD 3B 33",
		"00 00 00 00 00 00 00 00 00 00 00 00 00 00 80 BF"
	],
	"unk25": [
		"00 00 00 00 00 00 00 00 00 00 00 00 00 00 00 00",
		"00 00 80 3F 00 00 80 3F 00 00 80 3F 00 00 00 00",
		"00 00 C0 3F 00 00 80 3F 00 00 C0 3F 00 00 00 00",
		"00 00 C0 3F 00 00 C0 3F CD CC 8C 3F 00 00 00 00"
	],
	"actorParams": [
		"BS_Dungeon019_Start",
		"AreaStartCommon:WalkIn",
		null,
		"",
		"BS_Dungeon019_001_Effect_00",
		"BS_Dungeon019_001",
		0,
		1,
		5.5,
		0.1,
		8.0,
		"S_Dungeon055",
		"S055_001_StartN",
		"AreaExitCommon:WalkOut",
		false,
		1.0
	],
	"unk27": [
	],
	"empty28": [
	],
	"unk29": [
		"04 00"
	],
	"stringOffsets": [
		0,
		20,
		43,
		44,
		72,
		85,
		103,
		116,
		132,
		155
	],
	"strings": [
		"BS_Dungeon019_Start",
		"AreaStartCommon:WalkIn",
		"",
		"BS_Dungeon019_001_Effect_00",
		"RoomEdge_1x1",
		"BS_Dungeon019_001",
		"S_Dungeon055",
		"S055_001_StartN",
		"AreaExitCommon:WalkOut",
		"BSDungeon019_Top"
	]
}
