{
	"actors": [
		[0.75, 0.0, 3.75, 1, 1, 0.0, 0.75, -0.14300013, -3.75, -3.75, -3.7499998, 3.75, 3.75, 3.75, 2, 4, 2, 4, 2, 4, 2, 4, ["BS011_001_Start", "AreaStartCommon:WalkIn", null, ""], -655547826, 0, "TagAreaStart", 0, 0, 0, 0, 0, 0, 0, 0, 0, 0, 0, 0, 259, 0],
		[0.75, 0.0, 0.75, 2, 1, -0.027999878, 2.1234999, -7.1340003, -7.7130003, -7.1115, -10.931, 7.7130003, 7.1115, 10.931, 2, 4, 2, 4, 2, 4, 2, 4, ["BS_Dungeon011_001_Effect_00"], -1935704289, 1, "TagTailorPlayer", 0, 0, 0, 0, 0, 0, 0, 0, 0, 0, 0, 0, 259, 0],
		[0.75, 0.0, 0.75, 2, 1, -0.027999878, 2.1234999, -7.1340003, -10.713, -10.1115, -13.931, 10.713, 10.1115, 13.931, 2, 4, 2, 4, 2, 4, 2, 4, ["BS_Dungeon011_001", "", "", 0, 1], -591339786, 2, "MapStatic", 0, 0, 0, 1, 0, 0, 0, 0, 0, 0, 0, 0, 259, 0],
		[0.75, -1.5, -7.5, 2, 2, 0.0, -0.75, 0.0, -5.25, -3.75, -9.0, 5.25, 3.75, 9.0, 2, 4, 2, 4, 2, 4, 2, 4, [], -1205378504, 3, "MapAbyss", 0, 0, 1, 0, 0, 0, 0, 0, 0, 0, 0, 0, 771, 0],
		[0.75, 0.75, 3.75, 2, 3, 0.0, 0.0, 0.15899992, -0.75, -0.75, -0.75, 0.75, 0.75, 0.75, 2, 4, 2, 4, 2, 4, 2, 4, ["FieldBoundary006_001", "FB006_004", "AreaExitCommon:WalkOut", 0, "", null, 0], -1283021610, 4, "SensorLevelOpen", 0, 0, 1, 0, 0, 0, 0, 0, 0, 0, 0, 0, 259, 0],
		[0.75, 3.0, -14.25, 2, 1, 0.0, 0.57299995, 0.07400036, -0.75, -0.75, -0.75, 0.75, 0.75, 0.75, 7, 2, 2, 4, 2, 4, 2, 4, ["Switch0", 16, 0, 0, "", "", 1, false], -1766670885, 5, "TreasureBox", 0, 0, 1, 0, 0, 0, 0, 0, 0, 0, 0, 0, 259, 0],
		[0.75, 0.0, -1.5, 0, 1, 0.0, 0.0, 0.0, -0.5, -0.5, -0.5, 0.5, 0.5, 0.5, 2, 4, 2, 4, 2, 4, 2, 4, [0, 0, false, 1.0], -1864765068, 6, "TagLightActor", 0, 0, 1, 0, 0, 0, 0, 0, 0, 0, 0, 0, 259, 0],
		[0.75, 3.0, -13.5, 0, 1, 0.0, 0.0, 0.0, -0.5, -0.5, -0.5, 0.5, 0.5, 0.5, 2, 4, 2, 4, 2, 4, 2, 4, [1, 1, false, 1.0], -1836470465, 7, "TagLightActor", 0, 0, 1, 0, 0, 0, 0, 0, 0, 0, 0, 0, 259, 0],
		[0.75, 0.0, 3.75, 0, 1, 0.0, 0.0, 0.0, -0.5, -0.5, -0.5, 0.5, 0.5, 0.5, 2, 4, 2, 4, 2, 4, 2, 4, [2, 2, false, 1.0], -1969888892, 8, "TagLightActor", 0, 0, 1, 0, 0, 0, 0, 0, 0, 0, 0, 0, 259, 0]
	],
	"empty1": [
	],
	"unk2": [
	],
	"unk3": [
		2,
		3,
		0,
		1,
		6,
		7,
		5,
		8,
		4
	],
	"unk4": [
		"07 00 01 00 00 00 00 00 14 02 8A 21 00 00 00 00 00 00 00 00 00 00 00 00"
	],
	"unk5": [
		"00 00 01 00 00 00 00 00 00 00 00 00"
	],
	"unk6": [
		"00 00"
	],
	"unk7": [
		"00 00 C0 C0 00 00 40 C0 00 00 84 C1 00 00 00 00 00 00 F0 40 00 00 F0 40 00 00 90 40 00 00 00 00 00 00 00 00 00 00 09 00 FF FF 00 00 00 00 00 00"
	],
	"unk8": [
	],
	"unk9": [
	],
	"unk10": [
	],
	"unk11": [
	],
	"unk12": [
		"00 00 80 C1 00 00 50 C1 00 00 D4 C1 00 00 00 00 00 00 8C 41 00 00 8C 41 00 00 68 41 00 00 00 00 00 00 F0 40 00 00 40 C0 0A 00 00 00 04 00 00 00"
	],
	"unk13": [
	],
	"unk14": [
		"00 00 B8 41 0B D6 6E 3F 7E 07 5D 3F 00 00 00 00 00 00 00 00 00 00 00 00 00 00 00 00 00 00 00 00 CE EF FC FF 00 00 20 41 02 00 00 00 00 00 00 00",
		"00 00 60 41 AE D5 79 3F D9 2F 6E 3F 00 00 00 00 00 00 00 00 00 00 00 00 00 00 00 00 00 00 00 00 CE EF FC FF 00 00 70 41 02 00 00 00 00 00 00 00",
		"00 00 A0 41 00 00 80 3F B2 8F 70 3F 00 00 00 00 00 00 00 00 00 00 00 00 00 00 00 00 00 00 00 00 00 18 FF FF 00 00 70 42 02 00 00 00 00 00 00 00"
	],
	"unk15": [
		"00 00 00 00 00 00 34 41 00 00 B4 C0 00 00 00 00 84 BE C9 32 79 8C 09 BF 7F E8 57 3F 62 56 1E 33",
		"00 00 00 00 00 00 34 41 00 00 C0 BF 00 00 00 00 97 93 E4 32 CB D7 1B BF 33 19 4B 3F 7E F1 14 33",
		"00 00 00 00 00 00 C0 40 00 00 70 40 00 00 00 00 EA E4 B8 32 A1 CF 5E BF F1 1E FC 3E 52 66 23 33"
	],
	"unk16": [
	],
	"unk17": [
	],
	"unk18": [
	],
	"unk19": [
	],
	"unk20": [
	],
	"unk21": [
	],
	"unk22": [
		"00 00 C0 C0 00 00 84 C1",
		"00 00 C0 C0 00 00 90 40",
		"00 00 F0 40 00 00 90 40",
		"00 00 F0 40 00 00 84 C1"
	],
	"empty23": [
	],
	"unk24": [
		"00 00 00 00 00 00 00 00 00 00 00 00 00 00 80 3F",
		"00 00 00 00 00 00 80 BF 00 00 00 00 BD BB 6A 37",
		"00 00 00 00 00 00 00 00 00 00 00 00 00 00 80 BF"
	],
	"unk25": [
		"00 00 00 00 00 00 00 00 00 00 00 00 00 00 00 00",
		"00 00 80 3F 00 00 80 3F 00 00 80 3F 00 00 00 00",
		"00 00 90 40 00 00 80 3F 00 00 40 41 00 00 00 00",
		"00 00 C0 3F 00 00 C0 3F CD CC 8C 3F 00 00 00 00"
	],
	"actorParams": [
		"BS011_001_Start",
		"AreaStartCommon:WalkIn",
		null,
		"",
		"BS_Dungeon011_001_Effect_00",
		"BS_Dungeon011_001",
		0,
		1,
		"FieldBoundary006_001",
		"FB006_004",
		"AreaExitCommon:WalkOut",
		"Switch0",
		16,
		false,
		1.0,
		2
	],
	"unk27": [
	],
	"empty28": [
	],
	"unk29": [
		"04 00"
	],
	"stringOffsets": [
		0,
		16,
		39,
		40,
		68,
		81,
		99,
		120,
		130,
		153,
		161
	],
	"strings": [
		"BS011_001_Start",
		"AreaStartCommon:WalkIn",
		"",
		"BS_Dungeon011_001_Effect_00",
		"RoomEdge_1x1",
		"BS_Dungeon011_001",
		"FieldBoundary006_001",
		"FB006_004",
		"AreaExitCommon:WalkOut",
		"Switch0",
		"BSDungeon011_Top"
	]
}
