{
	"actors": [
		[0.75, 0.0, 5.25, 1, 1, 0.0, 0.75, -0.14299965, -3.75, -3.75, -3.7500005, 3.75, 3.75, 3.75, 2, 4, 2, 4, 2, 4, 2, 4, ["CuccoHouse_001", "AreaStartCommon:WalkIn", null, ""], -1042767070, 0, "TagAreaStart", 0, 0, 0, 0, 0, 0, 0, 0, 0, 0, 0, 0, 259, 0],
		[0.75, 0.0, 0.0, 2, 1, 0.005500078, 1.525, -0.15350008, -6.2895, -2.275, -5.4035, 6.2895, 2.275, 5.4035, 2, 4, 2, 4, 2, 4, 2, 4, ["CuccoHouse_Effect_00"], -1141615002, 1, "TagTailorPlayer", 0, 0, 0, 0, 0, 0, 0, 0, 0, 0, 0, 0, 259, 0],
		[0.75, 0.0, 0.0, 2, 1, 0.00549984, 1.5250001, -0.15350008, -9.2895, -5.275, -8.4035, 9.2895, 5.275, 8.4035, 2, 4, 2, 4, 2, 4, 2, 4, ["CuccoHouse", "", "", 0, 1], -1223091026, 2, "MapStatic", 0, 0, 0, 1, 0, 0, 0, 0, 0, 0, 0, 0, 259, 0],
		[4.604, 0.0, 3.017, 2, 2, 0.0, 0.1875, 2.3841858e-07, -3.875, -3.7505, -3.8750002, 3.875, 3.7505, 3.875, 2, 4, 2, 4, 2, 4, 2, 4, [], -1992365488, 3, "MapPond", 0, 0, 1, 0, 0, 0, 0, 0, 0, 0, 0, 0, 771, 0],
		[0.75, 0.75, 5.25, 2, 3, 0.0, 0.0, 0.15899992, -1.5, -0.75, -0.75, 1.5, 0.75, 0.75, 2, 4, 2, 4, 2, 4, 2, 4, ["Field", "Field_HyrulePlains_004", "AreaExitCommon:WalkOut", 0, "", null, 0], -584584482, 4, "SensorLevelOpen", 0, 0, 1, 0, 0, 0, 0, 0, 0, 0, 0, 0, 259, 0],
		[0.75, 2.25, 0.0, 1, 1, 0.0, 0.0, 0.0, -8.5, -8.5, -8.5, 8.5, 8.5, 8.5, 2, 4, 2, 4, 2, 4, 2, 4, [-593097285, 8.5, 0.5, 0.01], -593097285, 5, "TagLightProbe", 0, 0, 1, 0, 0, 0, 0, 0, 0, 0, 0, 0, 259, 0],
		[0.75, 0.0, 0.0, 0, 1, 0.0, 0.0, 0.0, -0.5, -0.5, -0.5, 0.5, 0.5, 0.5, 2, 4, 2, 4, 2, 4, 2, 4, [0, 0, false, 1.0], -1546938453, 6, "TagLightActor", 0, 0, 1, 0, 0, 0, 0, 0, 0, 0, 0, 0, 259, 0],
		[0.75, 0.0, 4.5, 0, 1, 0.0, 0.0, 0.0, -0.5, -0.5, -0.5, 0.5, 0.5, 0.5, 2, 4, 2, 4, 2, 4, 2, 4, [1, 1, false, 1.0], -1922132101, 7, "TagLightActor", 0, 0, 1, 0, 0, 0, 0, 0, 0, 0, 0, 0, 259, 0]
	],
	"empty1": [
	],
	"unk2": [
	],
	"unk3": [
		2,
		3,
		0,
		5,
		1,
		6,
		7,
		4
	],
	"unk4": [
		"07 00 01 00 00 00 00 00 14 02 8A 21 00 00 00 00 00 00 00 00 00 00 00 00"
	],
	"unk5": [
		"00 00 01 00 00 00 00 00 00 00 00 00"
	],
	"unk6": [
		"00 00"
	],
	"unk7": [
		"00 00 98 C0 00 00 40 BF 19 04 AE C0 00 00 00 00 00 00 C8 40 00 00 D8 40 00 00 C0 40 00 00 00 00 00 00 00 00 00 00 08 00 FF FF 00 00 00 00 00 00"
	],
	"unk8": [
	],
	"unk9": [
	],
	"unk10": [
	],
	"unk11": [
	],
	"unk12": [
		"00 00 80 C1 00 00 2C C1 00 00 83 C1 00 00 00 00 00 00 8C 41 00 00 86 41 00 00 83 41 00 00 00 00 00 00 D8 40 00 00 40 BF 05 00 00 00 04 00 00 00"
	],
	"unk13": [
	],
	"unk14": [
		"00 00 40 41 EC 5B 6D 3F 61 73 4C 3F 00 00 00 00 00 00 00 00 00 00 00 00 00 00 00 00 00 00 00 00 FF F2 E5 FF 00 00 00 41 02 00 00 00 00 00 00 00",
		"00 00 30 41 5C 1C 7C 3F B2 8F 70 3F 00 00 00 00 00 00 00 00 00 00 00 00 00 00 00 00 00 00 00 00 FF F2 E5 FF 00 00 F0 41 02 00 00 00 00 00 00 00"
	],
	"unk15": [
		"00 00 00 00 00 00 0A 41 00 00 58 C0 00 00 00 00 2C BD BB 32 FD FF FF BE D8 B3 5D 3F 34 96 22 33",
		"00 00 00 00 00 00 C0 40 00 00 84 40 00 00 00 00 5F 60 AD 32 24 13 63 BF 52 6A EC 3E C9 86 26 33"
	],
	"unk16": [
	],
	"unk17": [
	],
	"unk18": [
	],
	"unk19": [
	],
	"unk20": [
	],
	"unk21": [
	],
	"unk22": [
		"00 00 C0 C0 00 00 CC C0",
		"00 00 C0 C0 00 00 CC 40",
		"00 00 F0 40 00 00 CC 40",
		"00 00 F0 40 00 00 CC C0"
	],
	"empty23": [
	],
	"unk24": [
		"00 00 00 00 00 00 00 00 00 00 00 00 00 00 80 3F",
		"00 00 00 00 00 00 80 BF 00 00 00 00 2E BD 3B 33",
		"00 00 00 00 00 00 00 00 00 00 00 00 00 00 80 BF"
	],
	"unk25": [
		"00 00 00 00 00 00 00 00 00 00 00 00 00 00 00 00",
		"00 00 80 3F 00 00 80 3F 00 00 80 3F 00 00 00 00",
		"00 00 E0 3F 00 00 C0 3E 00 00 E0 3F 00 00 00 00",
		"00 00 40 40 00 00 C0 3F CD CC 8C 3F 00 00 00 00"
	],
	"actorParams": [
		"CuccoHouse_001",
		"AreaStartCommon:WalkIn",
		null,
		"",
		"CuccoHouse_Effect_00",
		"CuccoHouse",
		0,
		1,
		"Field",
		"Field_HyrulePlains_004",
		"AreaExitCommon:WalkOut",
		-593097285,
		8.5,
		0.5,
		0.01,
		false,
		1.0
	],
	"unk27": [
	],
	"empty28": [
	],
	"unk29": [
		"04 00"
	],
	"stringOffsets": [
		0,
		15,
		38,
		39,
		60,
		73,
		84,
		90,
		113
	],
	"strings": [
		"CuccoHouse_001",
		"AreaStartCommon:WalkIn",
		"",
		"CuccoHouse_Effect_00",
		"RoomEdge_2x2",
		"CuccoHouse",
		"Field",
		"Field_HyrulePlains_004",
		"AreaExitCommon:WalkOut"
	]
}
