{
	"actors": [
		[[0.75, 0.01, 6.75], 1, 1, 0.0, 0.7500001, -0.14299965, -3.75, -3.75, -3.7500005, 3.75, 3.75, 3.75, [], ["DekuHouse001_001", "AreaStartCommon:WalkIn", null, ""], -369778957, 0, 0, 0, "TagAreaStart", 0, 0, 0, 0, 0, 0, 0, 0, 0, 0, 0, 0, 3, 1, 0],
		[[0.75, 0.0, 0.75], 2, 1, 0.0020000935, 1.7815, -0.40049982, -5.4309998, -2.6205, -6.4895, 5.4309998, 2.6205, 6.4895, [], ["DekuHouse00_Effect_00"], -1567012975, 1, 0, 0, "TagTailorPlayer", 0, 0, 0, 0, 0, 0, 0, 0, 0, 0, 0, 0, 3, 1, 0],
		[[0.75, 2.25, 0.75], 1, 1, 0.0, 0.0, 0.0, -10.0, -10.0, -10.0, 10.0, 10.0, 10.0, [], [-134598177, 10.0, 0.5, 0.01], -134598177, 2, 0, 0, "TagLightProbe", 0, 0, 0, 0, 0, 0, 0, 0, 0, 0, 0, 0, 3, 1, 0],
		[[0.75, 0.0, 0.75], 2, 1, 0.0020003319, 1.7815, -0.40049934, -8.431, -5.6205, -9.4895, 8.431, 5.6205, 9.4895, [], ["DekuHouse00", "", "", 0, 1], -123570003, 3, 0, 0, "MapStatic", 0, 0, 0, 1, 0, 0, 0, 0, 0, 0, 0, 0, 3, 1, 0],
		[[0.75, 0.75, 6.75], 2, 2, 0.0, 0.0, 0.15899992, -0.75, -0.75, -0.75, 0.75, 0.75, 0.75, [], ["Field", "Field_Jungle_003", "AreaExitCommon:WalkOut", 0, "", null, 0], -1949427592, 4, 0, 0, "SensorLevelOpen", 0, 0, 1, 0, 0, 0, 0, 0, 0, 0, 0, 0, 3, 1, 0],
		[[0.75, 0.0, -1.5], 2, 1, 0.0, 1.1494999, -0.08000004, -1.618, -1.2564999, -0.91999996, 1.618, 1.2565, 0.92, [], [], -1375085084, 5, 0, 0, "DekuMerchant", 0, 0, 1, 1, 0, 0, 0, 1, 0, 0, 0, 0, 3, 1, 0],
		[[-1.5, 0.0, 3.0], 2, 1, -0.007999897, 0.688, -0.101500034, -0.75, -0.935, -0.8794999, 0.7499999, 0.935, 0.87950015, [], [], -1686189282, 6, 0, 0, "Deku021", 1, 0, 2, 1, 0, 0, 1, 0, 0, 0, 0, 0, 3, 1, 0],
		[[0.75, 0.0, 6.75], 0, 1, 0.0, 0.0, 0.0, -0.5, -0.5, -0.5, 0.5, 0.5, 0.5, [], [0, 0, false, 1.0], -1652507460, 7, 0, 0, "TagLightActor", 0, 0, 3, 0, 0, 0, 1, 0, 0, 0, 0, 0, 3, 1, 0],
		[[0.75, 0.0, 0.0], 0, 1, 0.0, 0.0, 0.0, -0.5, -0.5, -0.5, 0.5, 0.5, 0.5, [], [1, 1, false, 1.0], -1101753803, 8, 0, 0, "TagLightActor", 0, 0, 3, 0, 0, 0, 1, 0, 0, 0, 0, 0, 3, 1, 0],
		[[0.75, 0.0, 0.0], 0, 1, 0.0, 0.0, 0.0, -0.5, -0.5, -0.5, 0.5, 0.5, 0.5, [], [2, 2, false, 1.0], -2060209769, 9, 0, 0, "TagLightActor", 0, 0, 3, 0, 0, 0, 1, 0, 0, 0, 0, 0, 3, 1, 0]
	],
	"empty1": [
	],
	"unk2": [
	],
	"unk3": [
		3,
		0,
		5,
		2,
		1,
		7,
		8,
		9,
		6,
		4
	],
	"unk4": [
		"07 00 01 00 00 00 00 00 14 02 8A 21 00 00 00 00 00 00 00 00 00 00 00 00",
		"02 00 00 00 00 00 00 00 C7 4F 7A DC 00 00 00 00 00 00 00 00 00 00 00 00",
		"02 00 00 00 0A 00 00 00 C7 4F 7A DC 00 00 00 00 00 00 00 00 00 00 00 00"
	],
	"unk5": [
		"00 00 01 00 00 00 00 00 00 00 00 00"
	],
	"unk6": [
		"00 00"
	],
	"unk7": [
		"00 00 B8 C0 00 00 C0 BF 00 00 E0 C0 00 00 00 00 00 00 E8 40 00 00 C0 40 00 00 F0 40 00 00 00 00 00 00 00 00 00 00 0A 00 FF FF 00 00 00 00 00 00"
	],
	"unk8": [
	],
	"unk9": [
	],
	"unk10": [
	],
	"unk11": [
	],
	"unk12": [
		"00 00 7A C1 00 00 38 C1 00 00 86 C1 00 00 00 00 00 00 89 41 00 00 80 41 00 00 8C 41 00 00 00 00 00 00 C0 40 00 00 C0 BF 09 00 00 00 04 00 00 00"
	],
	"unk13": [
	],
	"unk14": [
		"00 00 70 41 E2 67 7A 3F D7 B3 5D 3F 00 00 00 00 00 00 00 00 00 00 00 00 00 00 00 00 00 00 00 00 FF F2 E5 FF 00 00 70 42 02 00 00 00 00 00 00 00",
		"CD CC 44 41 11 F5 77 3F F6 AA 57 3F 00 00 00 00 00 00 00 00 00 00 00 00 00 00 00 00 00 00 00 00 F9 FF A2 FF 00 00 00 41 02 00 00 00 00 00 00 00",
		"14 AE 13 41 00 00 80 3F 90 09 7B 3F 00 00 00 00 00 00 00 00 00 00 00 00 00 00 00 00 00 00 00 00 F9 FF A2 FF 00 00 00 41 02 00 00 00 00 00 00 00"
	],
	"unk15": [
		"00 00 00 00 00 00 C0 40 00 00 60 40 00 00 00 00 5F 60 AD 32 24 13 63 BF 52 6A EC 3E C9 86 26 33",
		"00 00 00 00 00 00 E0 40 00 00 40 C0 00 00 00 00 2C BD BB 32 FD FF FF BE D8 B3 5D 3F 34 96 22 33",
		"00 00 C0 BF 00 00 E0 40 52 B8 9E BF 00 00 00 00 45 1C 9A BE 5C 0A F0 BE 82 E1 4F 3F 97 F3 31 BE"
	],
	"unk16": [
	],
	"unk17": [
	],
	"unk18": [
	],
	"unk19": [
		"00 00 40 3F 00 00 00 00 00 00 C0 3F 01 00 01 00 00 00 00 00 00 00 00 00 00 00 00 00 03 00 00 00"
	],
	"unk20": [
	],
	"unk21": [
		"00 00 00 00"
	],
	"unk22": [
		"00 00 B4 C0 00 00 D8 C0",
		"00 00 B4 C0 00 00 F0 40",
		"00 00 E4 40 00 00 F0 40",
		"00 00 E4 40 00 00 D8 C0"
	],
	"empty23": [
	],
	"unk24": [
		"00 00 00 00 00 00 00 00 00 00 00 00 00 00 80 3F",
		"00 00 00 00 00 00 80 BF 00 00 00 00 2E BD 3B 33",
		"00 00 00 00 00 00 00 00 00 00 00 00 00 00 80 BF"
	],
	"unk25": [
		"00 00 00 00 00 00 00 00 00 00 00 00 00 00 00 00",
		"00 00 80 3F 00 00 80 3F 00 00 80 3F 00 00 00 00",
		"00 00 C0 3F 00 00 C0 3F CD CC 8C 3F 00 00 00 00"
	],
	"actorParams": [
		"DekuHouse001_001",
		"AreaStartCommon:WalkIn",
		null,
		"",
		"DekuHouse00_Effect_00",
		-134598177,
		10.0,
		0.5,
		0.01,
		"DekuHouse00",
		0,
		1,
		"Field",
		"Field_Jungle_003",
		"AreaExitCommon:WalkOut",
		false,
		1.0,
		2
	],
	"unk27": [
	],
	"empty28": [
	],
	"unk29": [
		"04 00"
	],
	"stringOffsets": [
		0,
		17,
		40,
		41,
		63,
		76,
		88,
		94,
		111,
		134
	],
	"strings": [
		"DekuHouse001_001",
		"AreaStartCommon:WalkIn",
		"",
		"DekuHouse00_Effect_00",
		"RoomEdge_2x2",
		"DekuHouse00",
		"Field",
		"Field_Jungle_003",
		"AreaExitCommon:WalkOut",
		"DekuHouse001"
	]
}
