{
	"actors": [
		[[0.75, 0.0, 0.0], 1, 1, 0.0, 0.75, -0.14300013, -3.75, -3.75, -3.75, 3.75, 3.75, 3.75, [], ["PartnerIsLeaving", "Ev_PartnerSeparate:PartnerIsLeaving", null, ""], -2083158735, 0, 0, 0, "TagAreaStart", 0, 2, 0, 0, 0, 1, 0, 0, 0, 0, 0, 0, 3, 1, 0],
		[[0.375, 0.0, 0.0], 1, 1, 0.0, 0.75, -0.14300013, -3.75, -3.75, -3.75, 3.75, 3.75, 3.75, [], ["PartnersGainPower", "LastBossMu02:PartnersGainPower", null, ""], -66868407, 1, 0, 0, "TagAreaStart", 0, 3, 0, 0, 1, 2, 0, 0, 0, 0, 0, 0, 3, 1, 0],
		[[0.75, 0.0, 0.75], 2, 1, 0.0, 0.0, 0.0, -0.75, -0.75, -0.75, 0.75, 0.75, 0.75, [], ["Ev_PartnerSeparate_Effect_00"], -1005428924, 2, 0, 0, "TagTailorPlayer", 0, 1, 0, 0, 0, 0, 0, 0, 0, 0, 0, 0, 3, 1, 0],
		[[0.75, 0.0, 0.75], 2, 1, 0.0, 0.0, 0.0, -3.75, -3.75, -3.75, 3.75, 3.75, 3.75, [], ["Ev_PartnerSeparate", "", "", 0, 1], -1650216135, 3, 0, 0, "MapStatic", 0, 0, 0, 0, 0, 0, 0, 0, 0, 0, 0, 0, 3, 1, 0],
		[[0.0, 5.5, 0.0], 2, 1, 0.0, 0.23500013, 0.0, -0.75, -0.75, -0.75, 0.75, 0.75, 0.75, [], [], -210541749, 4, 0, 0, "GatePartnerPhoton", 0, 1, 0, 0, 0, 0, 0, 0, 0, 0, 0, 0, 3, 1, 0],
		[[1.875, 0.0, 2.25], 2, 1, 0.0, 0.693, -0.109999895, -0.75, -0.77500004, -0.7500001, 0.75, 0.77500004, 0.75, [[1, 2]], [], -869578423, 5, 0, 0, "EvLink", 0, 3, 0, 1, 0, 0, 0, 0, 0, 0, 0, 1, 3, 1, 0],
		[[0.0, 0.0, 0.0], 2, 1, 0.0, 0.0, 0.0, -5.269, -0.75, -5.274, 5.269, 0.75, 5.274, [], [], -630503012, 6, 0, 0, "EvPartnerPhotonLargeQuantity", 0, 2, 1, 0, 0, 0, 0, 0, 0, 0, 1, 1, 3, 5, 0],
		[[1.125, 0.375, -0.75], 2, 1, 0.0, 0.24199998, 0.014000058, -0.751, -0.75, -0.75, 0.75100005, 0.75, 0.74999994, [], [null, ""], -1551320793, 7, 0, 0, "Triforce", 0, 3, 1, 1, 0, 0, 0, 0, 0, 0, 2, 1, 3, 1, 0]
	],
	"empty1": [
	],
	"unk2": [
		"TagAreaStart",
		"TagAreaStart",
		"TagAreaStart"
	],
	"unk3": [
		3,
		2,
		4,
		0,
		6,
		1,
		7,
		5
	],
	"unk4": [
		"02 00 00 00 64 00 00 00 C7 4F 7A DC 00 00 00 00 00 00 00 00 00 00 00 00",
		"02 00 00 00 FA 00 00 00 C7 4F 7A DC 00 00 00 00 00 00 00 00 00 00 00 00"
	],
	"unk5": [
		"00 00 04 00 00 00 04 00 00 00 01 00"
	],
	"unk6": [
		"00 00",
		"01 00"
	],
	"unk7": [
		"00 00 40 C0 00 00 70 C0 00 00 40 C0 00 00 00 00 00 00 90 40 00 00 70 40 00 00 90 40 00 00 00 00 00 00 00 00 00 00 01 00 FF FF 00 00 00 00 00 00",
		"00 00 40 BF 00 00 40 BF 00 00 40 BF 00 00 00 00 00 00 C0 3F 1F 85 CF 40 00 00 C0 3F 00 00 00 00 00 00 00 00 01 00 02 00 02 00 00 00 00 00 00 00",
		"A6 9B A8 C0 00 00 40 C0 9C C4 A8 C0 00 00 00 00 A6 9B A8 40 00 00 90 40 9C C4 A8 40 00 00 00 00 00 00 00 00 03 00 02 00 FF FF 00 00 00 00 00 00",
		"00 00 58 C0 00 00 40 C0 EA 26 79 C0 00 00 00 00 00 00 84 40 00 00 90 40 16 D9 66 40 00 00 00 00 00 00 00 00 05 00 03 00 FF FF 00 00 00 00 00 00"
	],
	"unk8": [
		"A6 9B A8 C0 00 00 70 C0 9C C4 A8 C0 00 00 00 00 A6 9B A8 40 1F 85 CF 40 9C C4 A8 40 00 00 00 00 00 00 04 00 FF FF FF FF 00 00 00 00 00 00 00 00"
	],
	"unk9": [
		"00 00 00 00",
		"01 00 00 00",
		"02 00 00 00",
		"03 00 00 00"
	],
	"unk10": [
		[0, 0, 6],
		[0, 0, 7],
		[0, 0, 5]
	],
	"unk11": [
	],
	"unk12": [
		"00 00 8C C1 00 00 20 C1 00 00 80 C1 00 00 00 00 00 00 98 41 00 00 80 41 00 00 8C 41 00 00 00 00 00 00 C0 40 00 00 00 00 06 00 00 00 04 00 00 00"
	],
	"unk13": [
	],
	"unk14": [
	],
	"unk15": [
	],
	"unk16": [
	],
	"unk17": [
	],
	"unk18": [
	],
	"unk19": [
	],
	"unk20": [
	],
	"unk21": [
	],
	"unk22": [
		"00 00 F0 C0 00 00 C0 C0",
		"00 00 F0 C0 00 00 F0 40",
		"00 00 10 41 00 00 F0 40",
		"00 00 10 41 00 00 C0 C0"
	],
	"empty23": [
	],
	"unk24": [
		"00 00 00 00 00 00 00 00 00 00 00 00 00 00 80 3F",
		"00 00 00 00 00 00 80 BF 00 00 00 00 2E BD 3B 33",
		"00 00 00 00 00 00 00 00 00 00 00 00 00 00 80 BF"
	],
	"unk25": [
		"00 00 00 00 00 00 00 00 00 00 00 00 00 00 00 00",
		"00 00 80 3F 00 00 80 3F 00 00 80 3F 00 00 00 00"
	],
	"actorParams": [
		"PartnerIsLeaving",
		"Ev_PartnerSeparate:PartnerIsLeaving",
		null,
		"",
		"PartnersGainPower",
		"LastBossMu02:PartnersGainPower",
		"Ev_PartnerSeparate_Effect_00",
		"Ev_PartnerSeparate",
		0,
		1
	],
	"unk27": [
	],
	"empty28": [
	],
	"unk29": [
	],
	"stringOffsets": [
		0,
		1,
		18,
		54,
		72,
		103,
		132
	],
	"strings": [
		"",
		"PartnerIsLeaving",
		"Ev_PartnerSeparate:PartnerIsLeaving",
		"PartnersGainPower",
		"LastBossMu02:PartnersGainPower",
		"Ev_PartnerSeparate_Effect_00",
		"Ev_PartnerSeparate"
	]
}
