{
	"actors": [
		[8.25, 0.0, 11.25, 1, 1, 0.0, 0.75, -0.14299965, -3.75, -3.75, -3.75, 3.75, 3.75, 3.75, 2, 4, 2, 4, 2, 4, 2, 4, ["HyruleHouse001_001", "AreaStartCommon:WalkIn", null, "", 0.0, 0.0], -1676974221, 0, "TagAreaStart", 0, 0, 0, 0, 0, 0, 0, 0, 0, 0, 0, 0, 259, 0],
		[8.25, 0.0, 6.0, 2, 1, 0.030000687, 1.3110001, -0.08049965, -10.424001, -5.1000004, -8.4495, 10.424, 5.1000004, 8.4495, 2, 4, 2, 4, 2, 4, 2, 4, ["HyruleHouse00", "", "", 0, 1], -819194887, 1, "MapStatic", 0, 0, 0, 1, 0, 0, 0, 0, 0, 0, 0, 0, 259, 0],
		[8.25, 0.0, 6.0, 2, 1, 0.030000687, 1.311, -0.08049965, -7.4240007, -2.1, -5.4495006, 7.424, 2.1, 5.4495, 2, 4, 2, 4, 2, 4, 2, 4, ["HyruleHouse00_Effect_00"], -848633631, 2, "TagTailorPlayer", 0, 0, 1, 0, 0, 0, 0, 0, 0, 0, 0, 0, 259, 0],
		[8.25, 0.0, 11.25, 1, 2, 0.0, 0.0, -0.1590004, -1.5, -0.75, -0.75, 1.5, 0.75, 0.75, 2, 4, 2, 4, 2, 4, 2, 4, ["Field", "F_HyruleCastle001_005", "AreaExitCommon:WalkOut", 0, "", null, 0], -456173156, 3, "SensorLevelOpen", 0, 0, 1, 0, 0, 0, 0, 0, 0, 0, 0, 0, 259, 0],
		[5.25, 0.0, 2.25, 2, 1, 0.0, 0.62, 0.0, -0.75, -0.75, -0.75, 0.75, 0.75, 0.75, 2, 4, 2, 4, 2, 4, 2, 4, [], -1721929114, 4, "Pot", 0, 0, 1, 0, 0, 0, 0, 0, 0, 0, 0, 0, 259, 0],
		[11.75, 0.5, 2.0, 2, 1, 0.0, 0.0, 0.0, -0.75, -0.75, -0.75, 0.75, 0.75, 0.75, 2, 4, 2, 4, 2, 4, 2, 4, ["Stove_Hyrule", true, 0], -966871836, 5, "GeneralFire", 0, 0, 1, 0, 0, 0, 0, 0, 0, 0, 0, 0, 259, 0],
		[8.25, 2.0, 6.0, 1, 1, 0.0, 0.0, 0.0, -20.0, -20.0, -20.0, 20.0, 20.0, 20.0, 2, 4, 2, 4, 2, 4, 2, 4, [-1975073903, 20.0, 0.5, 0.01], -1975073903, 6, "TagLightProbe", 0, 0, 1, 0, 0, 0, 0, 0, 0, 0, 0, 0, 259, 0],
		[9.0, 0.0, 3.25, 1, 1, 0.0, 0.745, 0.025000095, -0.77999973, -0.811, -0.75, 0.77999973, 0.811, 0.75, 2, 4, 2, 4, 2, 4, 2, 4, [], -1414240214, 7, "HylianF022", 1, 0, 1, 1, 0, 0, 0, 0, 0, 0, 0, 1, 259, 0],
		[6.75, 0.0, 6.0, 3, 1, -0.004000187, 0.548, -0.013999939, -0.75, -0.75, -0.75, 0.75, 0.75, 0.75, 2, 4, 2, 4, 2, 4, 2, 4, [], -1551103846, 8, "HylianMC004", 1, 0, 2, 1, 0, 1, 0, 0, 0, 0, 0, 0, 259, 0],
		[8.25, 0.0, 6.0, 0, 1, 0.0, 0.0, 0.0, -0.5, -0.5, -0.5, 0.5, 0.5, 0.5, 2, 4, 2, 4, 2, 4, 2, 4, [0, 0, false, 1.0], -1573353219, 9, "TagLightActor", 0, 0, 3, 0, 0, 0, 0, 0, 0, 0, 0, 0, 259, 0],
		[8.25, 0.0, 10.5, 0, 1, 0.0, 0.0, 0.0, -0.5, -0.5, -0.5, 0.5, 0.5, 0.5, 2, 4, 2, 4, 2, 4, 2, 4, [1, 1, false, 1.0], -1099868572, 10, "TagLightActor", 0, 0, 3, 0, 0, 0, 0, 0, 0, 0, 0, 0, 259, 0]
	],
	"empty1": [
	],
	"unk2": [
		"B2 4B C7 94"
	],
	"unk3": [
		1,
		0,
		7,
		8,
		6,
		2,
		3,
		9,
		10,
		5,
		4
	],
	"unk4": [
		"07 00 01 00 00 00 00 00 14 02 8A 21 00 00 00 00 00 00 00 00 00 00 00 00",
		"02 00 00 00 0A 00 00 00 C7 4F 7A DC 00 00 00 00 00 00 00 00 00 00 00 00",
		"02 00 00 00 0A 00 00 00 C7 4F 7A DC 00 00 00 00 00 00 00 00 00 00 00 00"
	],
	"unk5": [
		"00 00 01 00 00 00 00 00 00 00 00 00"
	],
	"unk6": [
		"00 00"
	],
	"unk7": [
		"00 00 40 3F 00 00 C0 BF 00 00 40 3F 00 00 00 00 00 00 7C 41 00 00 F0 40 00 00 40 41 00 00 00 00 00 00 00 00 00 00 0B 00 FF FF 00 00 00 00 00 00"
	],
	"unk8": [
	],
	"unk9": [
	],
	"unk10": [
		"02 00 02 00 07 00 00 00"
	],
	"unk11": [
	],
	"unk12": [
		"00 00 14 C1 00 00 38 C1 00 00 14 C1 00 00 00 00 00 00 CE 41 00 00 8C 41 00 00 B0 41 00 00 00 00 00 00 F0 40 00 00 C0 BF 0A 00 00 00 04 00 00 00"
	],
	"unk13": [
	],
	"unk14": [
		"00 00 40 41 35 82 7D 3F A7 26 38 3F 00 00 00 00 00 00 00 00 00 00 00 00 00 00 00 00 00 00 00 00 FF E3 D0 FF 00 00 60 40 02 00 00 00 00 00 00 00",
		"00 00 20 41 FD 98 7E 3F DA AE 74 3F 00 00 00 00 00 00 00 00 00 00 00 00 00 00 00 00 00 00 00 00 FF F2 E5 FF 00 00 F0 41 02 00 00 00 00 00 00 00"
	],
	"unk15": [
		"00 00 00 00 00 00 E0 40 00 00 40 C0 00 00 00 00 2C BD BB 32 FD FF FF BE D8 B3 5D 3F 34 96 22 33",
		"00 00 00 00 00 00 A8 40 00 00 60 40 00 00 00 00 5F 60 AD 32 24 13 63 BF 52 6A EC 3E C9 86 26 33"
	],
	"unk16": [
	],
	"unk17": [
	],
	"unk18": [
	],
	"unk19": [
	],
	"unk20": [
	],
	"unk21": [
	],
	"unk22": [
		"00 00 40 3F 00 00 40 3F",
		"00 00 40 3F 00 00 40 41",
		"00 00 7C 41 00 00 40 41",
		"00 00 7C 41 00 00 40 3F"
	],
	"empty23": [
	],
	"unk24": [
		"00 00 00 00 00 00 00 00 00 00 00 00 00 00 80 3F",
		"00 00 00 00 00 00 80 BF 00 00 00 00 2E BD 3B 33",
		"00 00 00 00 00 00 00 00 00 00 00 00 00 00 80 BF",
		"00 00 00 00 7A 8D 18 BE 00 00 00 00 A9 24 7D BF"
	],
	"unk25": [
		"00 00 00 00 00 00 00 00 00 00 00 00 00 00 00 00",
		"00 00 80 3F 00 00 80 3F 00 00 80 3F 00 00 00 00",
		"00 00 40 40 00 00 C0 3F CD CC 8C 3F 00 00 00 00"
	],
	"actorParams": [
		"HyruleHouse001_001",
		"AreaStartCommon:WalkIn",
		null,
		"",
		0.0,
		"HyruleHouse00",
		0,
		1,
		"HyruleHouse00_Effect_00",
		"Field",
		"F_HyruleCastle001_005",
		"AreaExitCommon:WalkOut",
		"Stove_Hyrule",
		true,
		-1975073903,
		20.0,
		0.5,
		0.01,
		false,
		1.0
	],
	"unk27": [
	],
	"empty28": [
	],
	"unk29": [
		"03 00"
	],
	"stringOffsets": [
		0,
		19,
		42,
		43,
		56,
		70,
		94,
		100,
		122,
		145,
		158
	],
	"strings": [
		"HyruleHouse001_001",
		"AreaStartCommon:WalkIn",
		"",
		"RoomEdge_2x2",
		"HyruleHouse00",
		"HyruleHouse00_Effect_00",
		"Field",
		"F_HyruleCastle001_005",
		"AreaExitCommon:WalkOut",
		"Stove_Hyrule",
		"HyruleHouse001"
	]
}
