{
	"actors": [
		[[9.75, 0.0, 11.25], 1, 1, 0.0, 0.75, -0.14299965, -3.75, -3.75, -3.75, 3.75, 3.75, 3.75, [], ["HyruleHouse007_001", "AreaStartCommon:WalkIn", null, "", 0.0, 0.0], -1353251529, 0, 0, 0, "TagAreaStart", 0, 0, 0, 0, 0, 0, 0, 0, 0, 0, 0, 0, 3, 1, 0],
		[[9.75, 0.0, 6.0], 2, 1, 0.031999588, 1.6805, 0.022000313, -9.0789995, -5.4695, -8.347, 9.079, 5.4695, 8.347, [], ["HyruleHouse07", "", "", 0, 1], -2107988416, 1, 0, 0, "MapStatic", 0, 0, 0, 1, 0, 0, 0, 0, 0, 0, 0, 0, 3, 1, 0],
		[[9.75, 0.0, 6.0], 2, 1, 0.031999588, 1.6805, 0.022000313, -6.0789995, -2.4695, -5.347, 6.0790005, 2.4695, 5.347, [], ["HyruleHouse07_Effect_00"], -1072083731, 2, 0, 0, "TagTailorPlayer", 0, 0, 1, 0, 0, 0, 0, 0, 0, 0, 0, 0, 3, 1, 0],
		[[9.75, 2.25, 6.0], 1, 1, 0.0, 0.0, 0.0, -6.8, -6.8, -6.8, 6.799999, 6.8, 6.8, [], [-1355726436, 6.8, 0.5, 0.2], -1355726436, 3, 0, 0, "TagLightProbe", 0, 0, 1, 0, 0, 0, 0, 0, 0, 0, 0, 0, 3, 1, 0],
		[[9.75, 0.75, 11.25], 2, 2, 0.0, 0.0, 0.1590004, -1.5, -0.75, -0.75, 1.5, 0.75, 0.75, [], ["Field", "F_HyruleCastle001_010", "AreaExitCommon:WalkOut", 0, "", null, 0], -1151099980, 4, 0, 0, "SensorLevelOpen", 0, 0, 1, 0, 0, 0, 0, 0, 0, 0, 0, 0, 3, 1, 0],
		[[6.75, 0.0, 5.25], 3, 1, -0.019000053, 0.65400004, -0.032000065, -0.7589998, -0.75500005, -0.75, 0.7589998, 0.755, 0.75, [], [], -53285683, 5, 0, 0, "HylianF023", 0, 0, 1, 1, 0, 0, 0, 0, 0, 0, 0, 0, 3, 1, 0],
		[[9.75, 0.0, 5.25], 0, 1, 0.0, 0.0, 0.0, -0.5, -0.5, -0.5, 0.5, 0.5, 0.5, [], [0, 0, false, 1.0], -1182825462, 6, 0, 0, "TagLightActor", 0, 0, 2, 0, 0, 0, 0, 0, 0, 0, 0, 0, 3, 1, 0],
		[[9.75, 0.0, 10.5], 0, 1, 0.0, 0.0, 0.0, -0.5, -0.5, -0.5, 0.5, 0.5, 0.5, [], [1, 1, false, 1.0], -1982730805, 7, 0, 0, "TagLightActor", 0, 0, 2, 0, 0, 0, 0, 0, 0, 0, 0, 0, 3, 1, 0]
	],
	"empty1": [
	],
	"unk2": [
	],
	"unk3": [
		1,
		0,
		3,
		2,
		6,
		7,
		5,
		4
	],
	"unk4": [
		"07 00 01 00 00 00 00 00 14 02 8A 21 00 00 00 00 00 00 00 00 00 00 00 00",
		"02 00 00 00 0A 00 00 00 C7 4F 7A DC 00 00 00 00 00 00 00 00 00 00 00 00"
	],
	"unk5": [
		"00 00 01 00 00 00 00 00 00 00 00 00"
	],
	"unk6": [
		"00 00"
	],
	"unk7": [
		"00 00 70 40 00 00 C0 BF 00 00 C0 3E 00 00 00 00 00 00 7C 41 00 00 F0 40 00 00 40 41 00 00 00 00 00 00 00 00 00 00 08 00 FF FF 00 00 00 00 00 00"
	],
	"unk8": [
	],
	"unk9": [
	],
	"unk10": [
	],
	"unk11": [
	],
	"unk12": [
		"00 00 C8 C0 00 00 38 C1 00 00 1A C1 00 00 00 00 00 00 CE 41 00 00 8C 41 00 00 B0 41 00 00 00 00 00 00 F0 40 00 00 C0 BF 09 00 00 00 04 00 00 00"
	],
	"unk13": [
	],
	"unk14": [
		"00 00 40 41 51 83 6E 3F F3 B3 51 3F 00 00 00 00 00 00 00 00 00 00 00 00 00 00 00 00 00 00 00 00 FF F2 E5 FF 00 00 60 40 02 00 00 00 00 00 00 00",
		"00 00 30 41 FD 98 7E 3F 64 D0 74 3F 00 00 00 00 00 00 00 00 00 00 00 00 00 00 00 00 00 00 00 00 FF F2 E5 FF 00 00 F0 41 02 00 00 00 00 00 00 00"
	],
	"unk15": [
		"00 00 00 00 00 00 E0 40 00 00 40 C0 00 00 00 00 2C BD BB 32 FD FF FF BE D8 B3 5D 3F 34 96 22 33",
		"00 00 00 00 00 00 C0 40 00 00 60 40 00 00 00 00 5F 60 AD 32 24 13 63 BF 52 6A EC 3E C9 86 26 33"
	],
	"unk16": [
	],
	"unk17": [
	],
	"unk18": [
	],
	"unk19": [
	],
	"unk20": [
	],
	"unk21": [
	],
	"unk22": [
		"00 00 70 40 00 00 C0 3E",
		"00 00 70 40 00 00 40 41",
		"00 00 7C 41 00 00 40 41",
		"00 00 7C 41 00 00 C0 3E"
	],
	"empty23": [
	],
	"unk24": [
		"00 00 00 00 00 00 00 00 00 00 00 00 00 00 80 3F",
		"00 00 00 00 00 00 80 BF 00 00 00 00 2E BD 3B 33",
		"00 00 00 00 00 00 00 00 00 00 00 00 00 00 80 BF",
		"00 00 00 00 40 D5 85 BE 00 00 00 00 7B 19 77 BF"
	],
	"unk25": [
		"00 00 00 00 00 00 00 00 00 00 00 00 00 00 00 00",
		"00 00 80 3F 00 00 80 3F 00 00 80 3F 00 00 00 00",
		"00 00 40 40 00 00 C0 3F CD CC 8C 3F 00 00 00 00"
	],
	"actorParams": [
		"HyruleHouse007_001",
		"AreaStartCommon:WalkIn",
		null,
		"",
		0.0,
		"HyruleHouse07",
		0,
		1,
		"HyruleHouse07_Effect_00",
		-1355726436,
		6.8,
		0.5,
		0.2,
		"Field",
		"F_HyruleCastle001_010",
		"AreaExitCommon:WalkOut",
		false,
		1.0
	],
	"unk27": [
	],
	"empty28": [
	],
	"unk29": [
		"03 00"
	],
	"stringOffsets": [
		0,
		19,
		42,
		43,
		56,
		70,
		94,
		100,
		122,
		145
	],
	"strings": [
		"HyruleHouse007_001",
		"AreaStartCommon:WalkIn",
		"",
		"RoomEdge_2x2",
		"HyruleHouse07",
		"HyruleHouse07_Effect_00",
		"Field",
		"F_HyruleCastle001_010",
		"AreaExitCommon:WalkOut",
		"HyruleHouse007"
	]
}
