{
	"actors": [
		[9.75, 0.0, 11.25, 1, 1, 0.0, 0.75, -0.14299965, -3.75, -3.75, -3.75, 3.75, 3.75, 3.75, 2, 4, 2, 4, 2, 4, 2, 4, ["HyruleHouse006_001", "AreaStartCommon:WalkIn", null, "", 0.0, 0.0], -390213333, 0, "TagAreaStart", 0, 0, 0, 0, 0, 0, 0, 0, 0, 0, 0, 0, 259, 0],
		[9.75, 0.0, 6.0, 2, 1, 0.020999908, 1.4430001, 0.01600027, -9.09, -5.2320004, -8.353001, 9.09, 5.2320004, 8.353001, 2, 4, 2, 4, 2, 4, 2, 4, ["HyruleHouse06", "", "", 0, 1], -576895793, 1, "MapStatic", 0, 0, 0, 1, 0, 0, 0, 0, 0, 0, 0, 0, 259, 0],
		[9.75, 0.0, 6.0, 2, 1, 0.020999908, 1.443, 0.01600027, -6.09, -2.2319999, -5.353, 6.09, 2.2319999, 5.353, 2, 4, 2, 4, 2, 4, 2, 4, ["HyruleHouse06_Effect_00"], -1848315846, 2, "TagTailorPlayer", 0, 0, 1, 0, 0, 0, 0, 0, 0, 0, 0, 0, 259, 0],
		[9.75, 2.25, 6.0, 1, 1, 0.0, 2.3841858e-07, 0.0, -6.6, -6.6000004, -6.6, 6.6000004, 6.6000004, 6.6000004, 2, 4, 2, 4, 2, 4, 2, 4, [-1622432945, 6.6, 0.5, 0.2], -1622432945, 3, "TagLightProbe", 0, 0, 1, 0, 0, 0, 0, 0, 0, 0, 0, 0, 259, 0],
		[7.5, 0.0, 9.75, 2, 1, 0.0, 0.62, 0.0, -0.75, -0.75, -0.75, 0.75, 0.75, 0.75, 2, 4, 2, 4, 2, 4, 2, 4, [-1], -1995853013, 4, "Pot", 0, 0, 1, 0, 0, 0, 0, 0, 0, 0, 0, 0, 259, 0],
		[12.125, 0.5, 2.25, 2, 1, 0.0, 0.0, 0.0, -0.75, -0.75, -0.75, 0.75, 0.75, 0.75, 2, 4, 2, 4, 2, 4, 2, 4, ["Stove_Hyrule", true, 0], -952101919, 5, "GeneralFire", 0, 0, 1, 0, 0, 0, 0, 0, 0, 0, 0, 0, 259, 0],
		[9.75, 0.75, 11.25, 2, 2, 0.0, 0.0, 0.1590004, -1.5, -0.75, -0.75, 1.5, 0.75, 0.75, 2, 4, 2, 4, 2, 4, 2, 4, ["Field", "F_HyruleCastle001_008", "AreaExitCommon:WalkOut", 0, "", 0, 0], -1097555286, 6, "SensorLevelOpen", 0, 0, 1, 0, 0, 0, 0, 0, 0, 0, 0, 0, 259, 0],
		[11.25, 0.0, 4.5, 2, 1, 0.0, 0.71500003, -0.007999897, -0.77999973, -0.781, -0.75, 0.77999973, 0.781, 0.75, 2, 4, 2, 4, 2, 4, 2, 4, [], -982408130, 7, "HylianF017", 0, 0, 1, 0, 0, 0, 0, 0, 0, 0, 0, 0, 259, 0],
		[9.75, 0.0, 6.0, 0, 1, 0.0, 0.0, 0.0, -0.5, -0.5, -0.5, 0.5, 0.5, 0.5, 2, 4, 2, 4, 2, 4, 2, 4, [0, 0, false, 1.0], -151705601, 8, "TagLightActor", 0, 0, 1, 0, 0, 0, 0, 0, 0, 0, 0, 0, 259, 0],
		[9.75, 0.0, 10.5, 0, 1, 0.0, 0.0, 0.0, -0.5, -0.5, -0.5, 0.5, 0.5, 0.5, 2, 4, 2, 4, 2, 4, 2, 4, [1, 1, false, 1.0], -95595214, 9, "TagLightActor", 0, 0, 1, 0, 0, 0, 0, 0, 0, 0, 0, 0, 259, 0]
	],
	"empty1": [
	],
	"unk2": [
	],
	"unk3": [
		1,
		0,
		3,
		2,
		8,
		9,
		5,
		4,
		7,
		6
	],
	"unk4": [
		"07 00 01 00 00 00 00 00 14 02 8A 21 00 00 00 00 00 00 00 00 00 00 00 00"
	],
	"unk5": [
		"00 00 01 00 00 00 00 00 00 00 00 00"
	],
	"unk6": [
		"00 00"
	],
	"unk7": [
		"00 00 70 40 00 00 C0 BF 00 00 40 3F 00 00 00 00 00 00 7C 41 00 00 F0 40 00 00 40 41 00 00 00 00 00 00 00 00 00 00 0A 00 FF FF 00 00 00 00 00 00"
	],
	"unk8": [
	],
	"unk9": [
	],
	"unk10": [
	],
	"unk11": [
	],
	"unk12": [
		"00 00 C8 C0 00 00 38 C1 00 00 14 C1 00 00 00 00 00 00 CE 41 00 00 8C 41 00 00 B0 41 00 00 00 00 00 00 F0 40 00 00 C0 BF 0A 00 00 00 04 00 00 00"
	],
	"unk13": [
	],
	"unk14": [
		"00 00 40 41 B2 8F 70 3F BD 3E 3E 3F 00 00 00 00 00 00 00 00 00 00 00 00 00 00 00 00 00 00 00 00 FF F2 E5 FF 00 00 60 40 02 00 00 00 00 00 00 00",
		"00 00 30 41 FD 98 7E 3F 64 D0 74 3F 00 00 00 00 00 00 00 00 00 00 00 00 00 00 00 00 00 00 00 00 FF F2 E5 FF 00 00 F0 41 02 00 00 00 00 00 00 00"
	],
	"unk15": [
		"00 00 00 00 00 00 E0 40 00 00 40 C0 00 00 00 00 2C BD BB 32 FD FF FF BE D8 B3 5D 3F 34 96 22 33",
		"00 00 00 00 00 00 C0 40 00 00 60 40 00 00 00 00 5F 60 AD 32 24 13 63 BF 52 6A EC 3E C9 86 26 33"
	],
	"unk16": [
	],
	"unk17": [
	],
	"unk18": [
	],
	"unk19": [
	],
	"unk20": [
	],
	"unk21": [
	],
	"unk22": [
		"00 00 70 40 00 00 40 3F",
		"00 00 70 40 00 00 40 41",
		"00 00 7C 41 00 00 40 41",
		"00 00 7C 41 00 00 40 3F"
	],
	"empty23": [
	],
	"unk24": [
		"00 00 00 00 00 00 00 00 00 00 00 00 00 00 80 3F",
		"00 00 00 00 00 00 80 BF 00 00 00 00 2E BD 3B 33",
		"00 00 00 00 00 00 00 00 00 00 00 00 00 00 80 BF"
	],
	"unk25": [
		"00 00 00 00 00 00 00 00 00 00 00 00 00 00 00 00",
		"00 00 80 3F 00 00 80 3F 00 00 80 3F 00 00 00 00",
		"00 00 40 40 00 00 C0 3F CD CC 8C 3F 00 00 00 00"
	],
	"actorParams": [
		"HyruleHouse006_001",
		"AreaStartCommon:WalkIn",
		null,
		"",
		0.0,
		"HyruleHouse06",
		0,
		1,
		"HyruleHouse06_Effect_00",
		-1622432945,
		6.6,
		0.5,
		0.2,
		-1,
		"Stove_Hyrule",
		true,
		"Field",
		"F_HyruleCastle001_008",
		"AreaExitCommon:WalkOut",
		false,
		1.0
	],
	"unk27": [
	],
	"empty28": [
	],
	"unk29": [
		"03 00"
	],
	"stringOffsets": [
		0,
		19,
		42,
		43,
		56,
		70,
		94,
		107,
		113,
		135,
		158
	],
	"strings": [
		"HyruleHouse006_001",
		"AreaStartCommon:WalkIn",
		"",
		"RoomEdge_2x2",
		"HyruleHouse06",
		"HyruleHouse06_Effect_00",
		"Stove_Hyrule",
		"Field",
		"F_HyruleCastle001_008",
		"AreaExitCommon:WalkOut",
		"HyruleHouse006"
	]
}
