{
	"actors": [
		[[0.0, 0.0, 4.5], 1, 1, 0.0, 0.75, -0.14299965, -3.75, -3.75, -3.7500002, 3.75, 3.75, 3.75, [], ["S044_R001_Start", "AreaStartCommon:WalkIn", null, "", 0.0, 0.0], -1956999927, 0, 0, 0, "TagAreaStart", 0, 0, 0, 0, 0, 0, 0, 0, 0, 0, 0, 0, 3, 1, 0],
		[[0.0, 0.0, 0.0], 2, 1, -0.02850008, 2.4435, -0.6329999, -6.7865, -3.9435, -5.883, 6.7865, 3.9435, 5.883, [], ["S_Dungeon044_001_Effect_00"], -1722704527, 1, 0, 0, "TagTailorPlayer", 0, 0, 0, 0, 0, 0, 0, 0, 0, 0, 0, 0, 3, 1, 0],
		[[0.0, 0.0, 0.0], 2, 1, -0.028500557, 2.4435, -0.6329999, -9.7865, -6.9435, -8.882999, 9.7865, 6.9435, 8.882999, [], ["S_Dungeon044_001", "", "", 0, 1], -1723116481, 2, 0, 0, "MapStatic", 0, 0, 0, 1, 0, 0, 0, 0, 0, 0, 0, 0, 3, 1, 0],
		[[0.0, 0.75, 4.5], 2, 2, 0.0, 0.0, 0.15899992, -0.75, -0.75, -0.75, 0.75, 0.75, 0.75, [], ["Field", "Field_Volcano_009", "AreaExitCommon:WalkOut", 0, "", 0, 0], -1154557543, 3, 0, 0, "SensorLevelOpen", 0, 0, 1, 0, 0, 0, 0, 0, 0, 0, 0, 0, 3, 1, 0],
		[[0.0, 0.0, -1.5], 2, 1, 0.0, 0.57299995, 0.07399988, -0.75, -0.74999994, -0.75, 0.75, 0.75, 0.7500001, [[1, 2], ["S044_TreasureBoxOpen", 1]], ["Switch0", 49, 0, 0, "", "", 1, false], -1069727425, 4, 0, 0, "TreasureBox", 0, 0, 1, 0, 0, 0, 0, 0, 0, 0, 0, 0, 3, 1, 0],
		[[0.0, 2.25, 0.0], 1, 1, 0.0, 0.0, 0.0, -9.0, -9.0, -9.0, 9.0, 9.0, 9.0, [], [-241415555, 9.0, 0.5, 0.01], -241415555, 5, 0, 0, "TagLightProbe", 0, 0, 1, 0, 0, 0, 0, 0, 0, 0, 0, 0, 3, 1, 0],
		[[0.0, 0.0, 4.5], 0, 1, 0.0, 0.0, 0.0, -0.5, -0.5, -0.5, 0.5, 0.5, 0.5, [], [0, 0, false, 1.0], -1575928367, 6, 0, 0, "TagLightActor", 0, 0, 1, 0, 0, 0, 0, 0, 0, 0, 0, 0, 3, 1, 0],
		[[0.0, 0.0, -1.5], 0, 1, 0.0, 0.0, 0.0, -0.5, -0.5, -0.5, 0.5, 0.5, 0.5, [], [1, 1, false, 1.0], -1484228523, 7, 0, 0, "TagLightActor", 0, 0, 1, 0, 0, 0, 0, 0, 0, 0, 0, 0, 3, 1, 0],
		[[0.0, 0.0, 0.0], 0, 1, 0.0, 0.0, 0.0, -0.5, -0.5, -0.5, 0.5, 0.5, 0.5, [], [2, 2, false, 1.0], -597689710, 8, 0, 0, "TagLightActor", 0, 0, 1, 0, 0, 0, 0, 0, 0, 0, 0, 0, 3, 1, 0]
	],
	"empty1": [
	],
	"unk2": [
	],
	"unk3": [
		2,
		0,
		5,
		1,
		6,
		7,
		8,
		4,
		3
	],
	"unk4": [
		"07 00 01 00 00 00 00 00 14 02 8A 21 00 00 00 00 00 00 00 00 00 00 00 00"
	],
	"unk5": [
		"00 00 01 00 00 00 00 00 00 00 00 00"
	],
	"unk6": [
		"00 00"
	],
	"unk7": [
		"00 00 A8 C0 00 00 C0 BF 00 00 A8 C0 00 00 00 00 00 00 A8 40 00 00 F0 40 00 00 A8 40 00 00 00 00 00 00 00 00 00 00 09 00 FF FF 00 00 00 00 00 00"
	],
	"unk8": [
	],
	"unk9": [
	],
	"unk10": [
	],
	"unk11": [
	],
	"unk12": [
		"00 00 8C C1 00 00 38 C1 00 00 8C C1 00 00 00 00 00 00 8C 41 00 00 8C 41 00 00 8C 41 00 00 00 00 00 00 F0 40 00 00 C0 BF 0B 00 00 00 04 00 00 00"
	],
	"unk13": [
	],
	"unk14": [
		"00 00 20 41 81 17 7E 3F 81 0D 72 3F 00 00 00 00 00 00 00 00 00 00 00 00 00 00 00 00 00 00 00 00 FF F2 E5 FF 00 00 F0 41 02 00 00 00 00 00 00 00",
		"00 00 20 42 00 00 80 3F 35 82 7D 3F 00 00 00 00 00 00 00 00 00 00 00 00 00 00 00 00 00 00 00 00 FF FF FF FF 00 00 40 41 02 00 00 00 00 00 00 00",
		"00 00 A0 41 2F A6 7F 3F AE 19 59 3F 00 00 00 00 00 00 00 00 00 00 00 00 00 00 00 00 00 00 00 00 FF D1 A4 FF 00 00 C0 40 02 00 00 00 00 00 00 00"
	],
	"unk15": [
		"00 00 00 00 00 00 C0 40 00 00 84 40 00 00 00 00 13 AF 9E 32 C9 03 68 BF 6F 61 D8 3E 38 26 2A 33",
		"00 00 00 00 00 00 70 41 00 00 C0 BF 00 00 00 00 55 AB FD 32 7C F3 2C BF 34 BE 3C 3F 6A 6A 0A 33",
		"00 00 00 00 00 00 1C 41 00 00 40 C0 00 00 00 00 84 BE C9 32 79 8C 09 BF 7F E8 57 3F 62 56 1E 33"
	],
	"unk16": [
	],
	"unk17": [
	],
	"unk18": [
	],
	"unk19": [
	],
	"unk20": [
	],
	"unk21": [
	],
	"unk22": [
		"00 00 F0 40 00 00 F0 C0",
		"00 00 F0 40 00 00 F0 40",
		"00 00 F0 C0 00 00 F0 40",
		"00 00 F0 C0 00 00 F0 C0"
	],
	"empty23": [
	],
	"unk24": [
		"00 00 00 00 00 00 00 00 00 00 00 00 00 00 80 3F",
		"00 00 00 00 00 00 80 BF 00 00 00 00 2E BD 3B 33",
		"00 00 00 00 00 00 00 00 00 00 00 00 00 00 80 BF"
	],
	"unk25": [
		"00 00 00 00 00 00 00 00 00 00 00 00 00 00 00 00",
		"00 00 80 3F 00 00 80 3F 00 00 80 3F 00 00 00 00",
		"00 00 C0 3F 00 00 C0 3F CD CC 8C 3F 00 00 00 00"
	],
	"actorParams": [
		"S044_R001_Start",
		"AreaStartCommon:WalkIn",
		null,
		"",
		0.0,
		"S_Dungeon044_001_Effect_00",
		"S_Dungeon044_001",
		0,
		1,
		"Field",
		"Field_Volcano_009",
		"AreaExitCommon:WalkOut",
		"Switch0",
		49,
		false,
		"S044_TreasureBoxOpen",
		-241415555,
		9.0,
		0.5,
		0.01,
		1.0,
		2
	],
	"unk27": [
	],
	"empty28": [
	],
	"unk29": [
		"04 00"
	],
	"stringOffsets": [
		0,
		16,
		39,
		40,
		67,
		80,
		97,
		103,
		121,
		144,
		152,
		173
	],
	"strings": [
		"S044_R001_Start",
		"AreaStartCommon:WalkIn",
		"",
		"S_Dungeon044_001_Effect_00",
		"RoomEdge_1x1",
		"S_Dungeon044_001",
		"Field",
		"Field_Volcano_009",
		"AreaExitCommon:WalkOut",
		"Switch0",
		"S044_TreasureBoxOpen",
		"SDungeon044_Top"
	]
}
