{
	"actors": [
		[[2.25, 3.75, -0.75], 1, 1, 0.0, 0.75, 0.14300013, -3.75, -3.75, -3.75, 3.75, 3.75, 3.75, [], ["S061_R001_StartAbyss", "AreaStartCommon:FallIn", null, "Aerial"], -1679919931, 0, 0, 0, "TagAreaStart", 0, 0, 0, 0, 0, 0, 0, 0, 0, 0, 0, 0, 3, 1, 0],
		[[11.25, 9.0, -0.75], 2, 1, 0.0, 0.75, -0.14300013, -3.75, -3.75, -3.75, 3.75, 3.75, 3.75, [], ["S061_R001_Start", "AreaStartCommon:LadderDown", null, "Wall"], -91418800, 1, 0, 0, "TagAreaStart", 0, 0, 0, 0, 0, 0, 0, 0, 0, 0, 0, 0, 3, 1, 0],
		[[0.0, 0.0, 0.0], 1, 1, 6.7585, 7.7199993, -0.5525, -12.5564995, -12.0, -3.0195, 12.5565, 12.0, 3.0195, [], ["S_Dungeon061_001_Effect_00"], -2065153586, 2, 0, 0, "TagTailorPlayer", 0, 0, 0, 0, 0, 0, 0, 0, 0, 0, 0, 0, 3, 1, 0],
		[[0.0, 0.0, 0.0], 1, 1, 6.7585, 7.7199993, -0.5525, -15.5565, -15.0, -6.0195, 15.5565, 15.0, 6.0195, [], ["S_Dungeon061_001", "", "", 0, 1], -1312147107, 3, 0, 0, "MapStatic", 0, 0, 0, 1, 0, 0, 0, 0, 0, 0, 0, 0, 3, 1, 0],
		[[11.25, 3.0, -0.75], 1, 2, 0.0, 3.75, -0.73, -3.75, -6.75, -3.75, 3.75, 6.75, 3.75, [], [], -1114004000, 4, 0, 0, "MapLadder", 0, 0, 1, 0, 0, 0, 0, 0, 0, 0, 0, 0, 3, 3, 0],
		[[9.75, 3.0, -0.75], 1, 1, -0.0050001144, 0.7974999, 0.003000021, -0.78100014, -0.8095, -0.781, 0.78100014, 0.8095, 0.78099996, [], [], -693046576, 5, 0, 0, "RockCave", 0, 0, 1, 0, 0, 0, 0, 0, 0, 0, 0, 0, 3, 1, 0],
		[[8.25, 3.0, -0.75], 1, 1, -0.0050001144, 0.7974999, 0.003000021, -0.78099966, -0.8095, -0.781, 0.78100014, 0.8095, 0.78099996, [], [], -663586377, 6, 0, 0, "RockCave", 0, 0, 1, 0, 0, 0, 0, 0, 0, 0, 0, 0, 3, 1, 0],
		[[11.25, 8.25, -0.75], 1, 3, 0.0, 0.0, 0.65, -0.75, -0.75, -2.9, 0.75, 0.75, 2.9, [], ["Field", "Field_HyrulePlains_013", "AreaExitCommon:LadderUp", 1, "", null, 0], -429129920, 7, 0, 0, "SensorLevelOpen", 0, 0, 1, 0, 0, 0, 0, 0, 0, 0, 0, 0, 3, 1, 0],
		[[3.75, 3.0, -0.75], 1, 1, 0.0, 0.28999996, 0.0, -0.75, -0.75, -0.75, 0.75, 0.75, 0.75, [], [29], -1658411711, 8, 0, 0, "ItemHeartPiece", 0, 0, 1, 0, 0, 0, 0, 0, 0, 0, 0, 0, 3, 1, 0],
		[[11.25, 8.25, -0.75], 0, 1, 0.0, 0.0, 0.0, -0.5, -0.5, -0.5, 0.5, 0.5, 0.5, [], [0, 0, false, 1.0], -1122562740, 9, 0, 0, "TagLightActor", 0, 0, 1, 0, 0, 0, 0, 0, 0, 0, 0, 0, 3, 1, 0],
		[[6.75, 2.25, -0.75], 0, 1, 0.0, 0.0, 0.0, -0.5, -0.5, -0.5, 0.5, 0.5, 0.5, [], [1, 1, false, 1.0], -1919732117, 10, 0, 0, "TagLightActor", 0, 0, 1, 0, 0, 0, 0, 0, 0, 0, 0, 0, 3, 1, 0]
	],
	"empty1": [
	],
	"unk2": [
	],
	"unk3": [
		3,
		4,
		0,
		1,
		2,
		10,
		8,
		5,
		6,
		7,
		9
	],
	"unk4": [
		"07 00 01 00 00 00 00 00 14 02 8A 21 00 00 00 00 00 00 00 00 00 00 00 00"
	],
	"unk5": [
		"00 00 01 00 00 00 00 00 00 00 00 00"
	],
	"unk6": [
		"00 00",
		"01 00"
	],
	"unk7": [
		"00 00 00 00 00 00 00 00 00 00 40 C0 00 00 00 00 00 00 70 41 00 00 28 41 00 00 C0 3F 00 00 00 00 00 00 00 00 00 00 0B 00 FF FF 00 00 00 00 00 00"
	],
	"unk8": [
	],
	"unk9": [
	],
	"unk10": [
	],
	"unk11": [
	],
	"unk12": [
		"00 00 20 C1 00 00 20 C1 00 00 50 C1 00 00 00 00 00 00 C8 41 00 00 A4 41 00 00 38 41 00 00 00 00 00 00 28 41 00 00 00 00 0D 00 00 00 04 00 00 00"
	],
	"unk13": [
	],
	"unk14": [
		"00 00 A0 41 00 00 80 3F 5C 1C 7C 3F 00 00 00 00 00 00 00 00 00 00 00 00 00 00 00 00 00 00 00 00 FF F2 E5 FF 00 00 96 42 02 00 00 00 00 00 00 00",
		"CD CC 64 41 5C 1C 7C 3F 7D 1B 44 3F 00 00 00 00 00 00 00 00 00 00 00 00 00 00 00 00 00 00 00 00 FF F2 E5 FF 00 00 A0 41 02 00 00 00 00 00 00 00"
	],
	"unk15": [
		"00 00 00 00 00 00 46 41 00 00 70 40 00 00 00 00 93 93 E4 32 36 19 4B BF C8 D7 1B 3F 81 F1 14 33",
		"00 00 00 00 00 00 1C 41 00 00 04 41 00 00 00 00 86 5D D7 32 F3 B3 51 BF E8 D5 12 3F 6A C9 19 33"
	],
	"unk16": [
	],
	"unk17": [
	],
	"unk18": [
	],
	"unk19": [
	],
	"unk20": [
	],
	"unk21": [
	],
	"unk22": [
		"00 00 00 00 00 00 C0 3F",
		"00 00 00 00 00 00 40 C0",
		"00 00 70 41 00 00 40 C0",
		"00 00 70 41 00 00 C0 3F"
	],
	"empty23": [
	],
	"unk24": [
		"00 00 00 00 00 00 00 00 00 00 00 00 00 00 80 3F",
		"00 00 00 00 00 00 00 00 00 00 00 00 00 00 80 BF",
		"00 00 00 00 00 00 80 BF 00 00 00 00 2E BD 3B 33"
	],
	"unk25": [
		"00 00 00 00 00 00 00 00 00 00 00 00 00 00 00 00",
		"00 00 80 3F 00 00 80 3F 00 00 80 3F 00 00 00 00",
		"00 00 80 3F 00 00 F0 40 00 00 80 3F 00 00 00 00",
		"00 00 C0 3F 00 00 80 3F 00 00 90 40 00 00 00 00"
	],
	"actorParams": [
		"S061_R001_StartAbyss",
		"AreaStartCommon:FallIn",
		null,
		"Aerial",
		"S061_R001_Start",
		"AreaStartCommon:LadderDown",
		"Wall",
		"S_Dungeon061_001_Effect_00",
		"S_Dungeon061_001",
		"",
		0,
		1,
		"Field",
		"Field_HyrulePlains_013",
		"AreaExitCommon:LadderUp",
		29,
		false,
		1.0
	],
	"unk27": [
	],
	"empty28": [
	],
	"unk29": [
		"07 00"
	],
	"stringOffsets": [
		0,
		21,
		44,
		51,
		67,
		94,
		99,
		126,
		139,
		156,
		157,
		163,
		186,
		210
	],
	"strings": [
		"S061_R001_StartAbyss",
		"AreaStartCommon:FallIn",
		"Aerial",
		"S061_R001_Start",
		"AreaStartCommon:LadderDown",
		"Wall",
		"S_Dungeon061_001_Effect_00",
		"RoomEdge_1x1",
		"S_Dungeon061_001",
		"",
		"Field",
		"Field_HyrulePlains_013",
		"AreaExitCommon:LadderUp",
		"SDungeon061_Side"
	]
}
